タイムスタンプ,メールアドレス,規約への同意,申請者の学籍番号,申請者の氏名,申請者の学生証写真,共同利用者の有無,共同利用者の学籍番号,共同利用者の氏名,階数希望選択（共同利用者なし）,階数希望選択（共同利用者あり）
2026-04-01 00:41:57,hiroshi06@example.org,利用規約に同意する,4654293,高橋 結衣,accept,共同利用者なし,,,2階,
2026-04-01 00:48:55,otananami@example.com,利用規約に同意する,4424101,山本 涼平,denied,共同利用者なし,,,4階,
2026-04-01 00:58:40,isasaki@example.net,利用規約に同意する,8283616,田中 加奈,accept,共同利用者あり,1556973,田中 七夏,,5階
2026-04-01 01:48:35,yui79@example.net,利用規約に同意する,8389687,林 康弘,accept,共同利用者あり,8313624,岡田 和也,,4階
2026-04-01 01:55:36,satoryohei@example.com,利用規約に同意する,4103442,山下 治,accept,共同利用者なし,,,5階,
2026-04-01 02:09:13,sayuriinoue@example.net,利用規約に同意する,4277993,中島 明美,accept,共同利用者なし,,,3階,
2026-04-01 02:24:12,miki88@example.net,利用規約に同意する,8311945,藤井 桃子,accept,共同利用者なし,,,2階,
2026-04-01 02:25:19,atsushinakamura@example.com,利用規約に同意する,8454819,佐藤 翼,accept,共同利用者あり,1589709,山本 あすか,,6階
2026-04-01 02:31:18,kmiura@example.net,利用規約に同意する,8535179,加藤 直子,accept,共同利用者なし,,,5階,
2026-04-01 02:55:16,asakamoto@example.net,利用規約に同意する,1511813,斎藤 晃,accept,共同利用者なし,,,2階,
2026-04-01 03:11:10,naokokato@example.org,利用規約に同意する,4525203,山本 智也,accept,共同利用者なし,,,2階,
2026-04-01 03:25:54,minorukobayashi@example.org,利用規約に同意する,2032044,松本 桃子,accept,共同利用者なし,,,2階,
2026-04-01 04:13:49,yuki60@example.net,利用規約に同意する,8410084,中島 亮介,denied,共同利用者なし,,,4階,
2026-04-01 04:43:47,sasakikenichi@example.org,利用規約に同意する,1592013,山本 千代,accept,共同利用者なし,,,4階,
2026-04-01 04:51:18,sakamotohideki@example.org,利用規約に同意する,4698059,中島 拓真,accept,共同利用者なし,,,4階,
2026-04-01 04:51:19,wkato@example.org,利用規約に同意する,4161824,林 健一,accept,共同利用者なし,,,3階,
2026-04-01 04:54:15,yyamamoto@example.com,利用規約に同意する,1530021,中島 和也,accept,共同利用者なし,,,2階,
2026-04-01 04:56:21,sasakiyumiko@example.com,利用規約に同意する,8499828,木村 充,denied,共同利用者なし,,,6階,
2026-04-01 04:58:16,shohei23@example.com,利用規約に同意する,8125006,斎藤 陽子,accept,共同利用者あり,4268303,藤原 幹,,5階
2026-04-01 05:19:12,naokokato@example.com,利用規約に同意する,4271058,池田 美加子,accept,共同利用者なし,,,3階,
2026-04-01 05:28:25,maedakyosuke@example.org,利用規約に同意する,4215814,鈴木 加奈,accept,共同利用者なし,,,2階,
2026-04-01 05:59:02,wishikawa@example.com,利用規約に同意する,1555057,鈴木 幹,accept,共同利用者なし,,,3階,
2026-04-01 06:03:47,asukanakamura@example.com,利用規約に同意する,4334283,加藤 修平,denied,共同利用者あり,1514408,小林 舞,,4階
2026-04-01 06:10:12,endonaoto@example.net,利用規約に同意する,1502490,斎藤 浩,accept,共同利用者なし,,,6階,
2026-04-01 06:15:17,suzukiakemi@example.com,利用規約に同意する,8798735,坂本 篤司,accept,共同利用者あり,4679395,佐藤 聡太郎,,5階
2026-04-01 06:21:01,yukiishikawa@example.com,利用規約に同意する,8310237,小林 晃,accept,共同利用者あり,4612502,林 七夏,,3階
2026-04-01 06:29:43,kana74@example.com,利用規約に同意する,1529329,佐藤 治,accept,共同利用者なし,,,2階,
2026-04-01 06:39:39,utanaka@example.net,利用規約に同意する,4111995,藤井 亮介,accept,共同利用者あり,8484972,木村 花子,,6階
2026-04-01 07:44:34,yoko33@example.com,利用規約に同意する,1532768,中川 幹,accept,共同利用者あり,8576955,森 美加子,,4階
2026-04-01 07:45:01,satomitanaka@example.com,利用規約に同意する,8307936,渡辺 春香,accept,共同利用者なし,,,5階,
2026-04-01 07:53:40,rikaito@example.com,利用規約に同意する,1501220,岡本 直樹,accept,共同利用者あり,2364752,鈴木 美加子,,3階
2026-04-01 07:55:43,kana74@example.com,利用規約に同意する,1529329,佐藤 治,accept,共同利用者なし,,,5階,
2026-04-01 08:13:21,kaori49@example.com,利用規約に同意する,4461727,遠藤 亮介,accept,共同利用者なし,,,5階,
2026-04-01 08:28:54,satoyuki@example.com,利用規約に同意する,4123392,高橋 陽一,accept,共同利用者なし,,,2階,
2026-04-01 08:53:15,esato@example.org,利用規約に同意する,4334003,鈴木 稔,accept,共同利用者なし,,,4階,
2026-04-01 09:29:48,suzukiryohei@example.org,利用規約に同意する,1538654,佐々木 直樹,accept,共同利用者あり,4681070,村上 充,,4階
2026-04-01 09:33:51,kyosuke94@example.com,利用規約に同意する,8672845,藤田 聡太郎,accept,共同利用者なし,,,2階,
2026-04-01 10:17:37,naokitanaka@example.org,利用規約に同意する,8107944,伊藤 陽子,accept,共同利用者なし,,,2階,
2026-04-01 10:31:27,taro54@example.org,利用規約に同意する,8649674,岡田 七夏,accept,共同利用者あり,4443874,吉田 直子,,3階
2026-04-01 10:50:49,satoshohei@example.org,利用規約に同意する,4480658,松田 学,accept,共同利用者なし,,,6階,
2026-04-01 10:50:54,yuki05@example.net,利用規約に同意する,1540539,岡本 亮介,accept,共同利用者なし,,,2階,
2026-04-01 10:51:10,murakamitaichi@example.net,利用規約に同意する,8476810,佐藤 春香,accept,共同利用者なし,,,6階,
2026-04-01 11:06:50,momoko73@example.org,利用規約に同意する,1593531,福田 涼平,accept,共同利用者なし,,,3階,
2026-04-01 11:17:55,mikimaeda@example.net,利用規約に同意する,8383746,林 洋介,accept,共同利用者あり,4454524,福田 幹,,2階
2026-04-01 11:30:11,otahiroshi@example.org,利用規約に同意する,8277624,藤田 涼平,accept,共同利用者なし,,,6階,
2026-04-01 11:35:51,fujiwaramiki@example.org,利用規約に同意する,2603248,渡辺 裕太,accept,共同利用者なし,,,6階,
2026-04-01 13:21:54,kanatakahashi@example.org,利用規約に同意する,4196467,高橋 香織,accept,共同利用者あり,4463654,山下 里佳,,3階
2026-04-01 13:48:08,nakajimakumiko@example.com,利用規約に同意する,4388652,佐藤 英樹,accept,共同利用者なし,,,3階,
2026-04-01 13:48:23,tomoyanakajima@example.com,利用規約に同意する,8615012,長谷川 太郎,accept,共同利用者あり,4519773,山崎 裕美子,,6階
2026-04-01 14:06:05,nakajimaminoru@example.org,利用規約に同意する,1539008,清水 里佳,accept,共同利用者あり,8401217,鈴木 涼平,,6階
2026-04-01 14:13:18,naoto01@example.org,利用規約に同意する,1502187,田中 亮介,accept,共同利用者なし,,,5階,
2026-04-01 14:43:19,rsasaki@example.com,利用規約に同意する,4293468,木村 裕美子,accept,共同利用者あり,4688930,山田 聡太郎,,4階
2026-04-01 14:46:48,ukobayashi@example.com,利用規約に同意する,8729693,佐藤 里佳,accept,共同利用者なし,,,2階,
2026-04-01 15:11:43,sotaro94@example.org,利用規約に同意する,1525715,小川 涼平,accept,共同利用者あり,4592459,松田 花子,,6階
2026-04-01 15:20:53,vogawa@example.net,利用規約に同意する,1557549,中村 美加子,accept,共同利用者なし,,,6階,
2026-04-01 15:23:31,nsato@example.net,利用規約に同意する,4566952,中村 健一,accept,共同利用者あり,4260249,田中 太一,,3階
2026-04-01 16:47:12,nanami18@example.net,利用規約に同意する,1537752,田中 くみ子,accept,共同利用者なし,,,5階,
2026-04-01 16:53:22,wsuzuki@example.net,利用規約に同意する,1565803,三浦 花子,accept,共同利用者なし,,,5階,
2026-04-01 17:09:54,kazuya11@example.com,利用規約に同意する,1561171,井上 晃,accept,共同利用者なし,,,4階,
2026-04-01 17:13:01,zsuzuki@example.net,利用規約に同意する,8401620,青木 里佳,accept,共同利用者あり,8826111,池田 拓真,,3階
2026-04-01 17:40:01,zsuzuki@example.net,利用規約に同意する,8401620,青木 里佳,accept,共同利用者あり,8826111,池田 拓真,,3階
2026-04-01 18:19:16,yui23@example.com,利用規約に同意する,4677832,森 充,denied,共同利用者なし,,,5階,
2026-04-01 18:29:17,hogawa@example.com,利用規約に同意する,1543007,前田 陽子,accept,共同利用者あり,1599663,斎藤 涼平,,2階
2026-04-01 19:25:26,kenichimaeda@example.com,利用規約に同意する,8290349,山口 くみ子,accept,共同利用者なし,,,2階,
2026-04-01 19:35:07,kobayashitsubasa@example.net,利用規約に同意する,8590326,近藤 あすか,accept,共同利用者なし,,,2階,
2026-04-01 20:00:24,yosuke95@example.com,利用規約に同意する,4588395,吉田 美加子,denied,共同利用者なし,,,2階,
2026-04-01 20:34:44,osato@example.net,利用規約に同意する,4563462,森 裕美子,accept,共同利用者なし,,,2階,
2026-04-01 20:42:51,yumikosasaki@example.org,利用規約に同意する,1536208,伊藤 京助,accept,共同利用者なし,,,6階,
2026-04-01 21:19:25,xyamada@example.net,利用規約に同意する,4510308,石井 治,accept,共同利用者あり,8257340,山田 美加子,,5階
2026-04-01 22:02:27,chiyo94@example.net,利用規約に同意する,4381289,高橋 真綾,accept,共同利用者あり,8517842,中川 直人,,6階
2026-04-01 22:04:13,yumiko82@example.net,利用規約に同意する,4398567,遠藤 花子,accept,共同利用者あり,4316315,小林 亮介,,6階
2026-04-01 22:04:56,hideki49@example.com,利用規約に同意する,4618191,山本 結衣,accept,共同利用者なし,,,5階,
2026-04-01 22:37:05,kobayashishota@example.com,利用規約に同意する,8576955,森 美加子,accept,共同利用者なし,,,3階,
2026-04-01 22:44:25,yamadakumiko@example.net,利用規約に同意する,8165811,鈴木 翼,accept,共同利用者なし,,,5階,
2026-04-01 22:46:06,xishikawa@example.org,利用規約に同意する,8260952,山口 零,accept,共同利用者あり,8665673,高橋 明美,,4階
2026-04-01 23:40:55,tsubasa22@example.net,利用規約に同意する,1588184,三浦 さゆり,accept,共同利用者なし,,,3階,
2026-04-01 23:42:31,kumiko12@example.net,利用規約に同意する,1565323,松本 あすか,accept,共同利用者あり,8274277,山口 真綾,,3階
2026-04-02 00:03:31,kumiko12@example.net,利用規約に同意する,1565323,松本 あすか,accept,共同利用者あり,8274277,山口 真綾,,6階
2026-04-02 00:21:56,owatanabe@example.com,利用規約に同意する,8411232,佐藤 京助,accept,共同利用者なし,,,6階,
2026-04-02 00:51:37,ishikawatsubasa@example.net,利用規約に同意する,8150140,石川 亮介,accept,共同利用者なし,,,6階,
2026-04-02 01:14:37,ishikawatsubasa@example.net,利用規約に同意する,8150140,石川 亮介,accept,共同利用者なし,,,4階,
2026-04-02 01:30:07,naoto70@example.com,利用規約に同意する,8481973,前田 聡太郎,accept,共同利用者あり,8225105,池田 美加子,,5階
2026-04-02 02:16:10,shoheihayashi@example.com,利用規約に同意する,1592925,渡辺 亮介,accept,共同利用者あり,8389687,林 康弘,,5階
2026-04-02 02:30:45,ztanaka@example.org,利用規約に同意する,4147052,加藤 花子,accept,共同利用者あり,4260249,田中 太一,,5階
2026-04-02 02:40:07,nakagawayosuke@example.com,利用規約に同意する,8447447,林 真綾,accept,共同利用者なし,,,2階,
2026-04-02 02:43:56,watanabeatsushi@example.net,利用規約に同意する,8391988,小林 香織,accept,共同利用者なし,,,3階,
2026-04-02 02:52:42,yoko86@example.com,利用規約に同意する,8484659,三浦 陽子,accept,共同利用者なし,,,4階,
2026-04-02 03:15:29,kimurasayuri@example.com,利用規約に同意する,8535972,山田 七夏,accept,共同利用者なし,,,3階,
2026-04-02 03:22:03,yamaguchikumiko@example.net,利用規約に同意する,4249807,山下 七夏,denied,共同利用者なし,,,4階,
2026-04-02 03:33:55,saitomikako@example.net,利用規約に同意する,4232007,田中 裕美子,accept,共同利用者なし,,,3階,
2026-04-02 03:41:42,yoko86@example.com,利用規約に同意する,8484659,三浦 陽子,accept,共同利用者なし,,,3階,
2026-04-02 03:47:33,akira22@example.net,利用規約に同意する,4670373,坂本 学,accept,共同利用者あり,4476064,小林 あすか,,4階
2026-04-02 03:48:23,yui68@example.com,利用規約に同意する,4761669,石川 幹,accept,共同利用者なし,,,2階,
2026-04-02 04:21:34,vhasegawa@example.org,利用規約に同意する,4218465,福田 くみ子,accept,共同利用者なし,,,2階,
2026-04-02 05:19:53,murakamitaichi@example.net,利用規約に同意する,8476810,佐藤 春香,accept,共同利用者あり,4115213,岡本 陽子,,3階
2026-04-02 05:25:47,yui78@example.com,利用規約に同意する,8931775,伊藤 裕樹,accept,共同利用者なし,,,6階,
2026-04-02 06:02:53,naokisaito@example.com,利用規約に同意する,1527681,高橋 洋介,accept,共同利用者なし,,,5階,
2026-04-02 06:05:29,bishikawa@example.net,利用規約に同意する,1536569,斎藤 修平,accept,共同利用者あり,1506755,池田 桃子,,5階
2026-04-02 06:12:44,suzukishohei@example.com,利用規約に同意する,1558554,森 英樹,denied,共同利用者なし,,,4階,
2026-04-02 06:18:55,yamashitayasuhiro@example.net,利用規約に同意する,1532077,佐々木 結衣,accept,共同利用者なし,,,2階,
2026-04-02 06:19:22,hiroshi35@example.org,利用規約に同意する,4397853,佐藤 京助,accept,共同利用者なし,,,2階,
2026-04-02 06:20:35,kana96@example.org,利用規約に同意する,8205130,近藤 桃子,accept,共同利用者なし,,,5階,
2026-04-02 06:21:28,bnakagawa@example.net,利用規約に同意する,4640392,松田 さゆり,accept,共同利用者なし,,,4階,
2026-04-02 06:21:29,bishikawa@example.net,利用規約に同意する,1536569,斎藤 修平,accept,共同利用者あり,1506755,池田 桃子,,4階
2026-04-02 06:34:02,yui23@example.com,利用規約に同意する,4677832,森 充,accept,共同利用者なし,,,6階,
2026-04-02 06:34:41,sendo@example.com,利用規約に同意する,4350181,佐藤 七夏,accept,共同利用者なし,,,2階,
2026-04-02 06:37:19,kobayashiyuta@example.net,利用規約に同意する,1562422,村上 直樹,accept,共同利用者なし,,,4階,
2026-04-02 06:44:35,uhayashi@example.net,利用規約に同意する,4295881,佐々木 明美,accept,共同利用者なし,,,5階,
2026-04-02 06:48:34,wsaito@example.org,利用規約に同意する,1516274,阿部 桃子,accept,共同利用者なし,,,4階,
2026-04-02 06:56:56,satomanabu@example.com,利用規約に同意する,1518289,山下 治,accept,共同利用者なし,,,4階,
2026-04-02 07:18:25,kobayashiyosuke@example.org,利用規約に同意する,1540768,福田 くみ子,accept,共同利用者なし,,,4階,
2026-04-02 07:20:31,yokohayashi@example.com,利用規約に同意する,8641245,山田 康弘,accept,共同利用者なし,,,5階,
2026-04-02 07:30:01,ymurakami@example.org,利用規約に同意する,8491146,前田 洋介,accept,共同利用者なし,,,3階,
2026-04-02 07:31:44,osato@example.net,利用規約に同意する,4563462,森 裕美子,accept,共同利用者なし,,,3階,
2026-04-02 07:35:34,wsaito@example.org,利用規約に同意する,1516274,阿部 桃子,accept,共同利用者なし,,,6階,
2026-04-02 07:39:17,yukifukuda@example.net,利用規約に同意する,8445054,山下 健一,accept,共同利用者あり,1502187,田中 亮介,,3階
2026-04-02 07:41:00,tanakatomoya@example.net,利用規約に同意する,4477862,井上 陽子,accept,共同利用者なし,,,4階,
2026-04-02 07:47:13,suzukitakuma@example.com,利用規約に同意する,1589733,石川 修平,accept,共同利用者なし,,,5階,
2026-04-02 07:48:39,itomai@example.com,利用規約に同意する,4599193,高橋 美加子,denied,共同利用者なし,,,3階,
2026-04-02 07:50:56,satohideki@example.net,利用規約に同意する,1571932,太田 晃,accept,共同利用者あり,1587584,藤井 舞,,2階
2026-04-02 10:05:05,momokoogawa@example.net,利用規約に同意する,1599663,斎藤 涼平,accept,共同利用者なし,,,3階,
2026-04-02 10:09:50,yuta84@example.com,利用規約に同意する,1570701,高橋 充,accept,共同利用者あり,1576638,橋本 くみ子,,6階
2026-04-02 10:54:27,yosuke95@example.org,利用規約に同意する,8586499,伊藤 翼,accept,共同利用者なし,,,3階,
2026-04-02 10:57:10,atsushi24@example.com,利用規約に同意する,4132591,松本 七夏,accept,共同利用者なし,,,3階,
2026-04-02 11:19:14,saitohiroshi@example.net,利用規約に同意する,1566088,田中 加奈,accept,共同利用者なし,,,5階,
2026-04-02 12:01:10,atsushi24@example.com,利用規約に同意する,4132591,松本 七夏,accept,共同利用者なし,,,5階,
2026-04-02 12:07:08,akiraabe@example.com,利用規約に同意する,8401217,鈴木 涼平,accept,共同利用者あり,1583050,斎藤 千代,,2階
2026-04-02 12:13:49,hfujii@example.net,利用規約に同意する,1531056,山本 香織,accept,共同利用者なし,,,5階,
2026-04-02 12:21:02,ikato@example.org,利用規約に同意する,1518344,小林 稔,denied,共同利用者なし,,,3階,
2026-04-02 12:33:49,yamadashohei@example.org,利用規約に同意する,8276858,小川 香織,accept,共同利用者なし,,,6階,
2026-04-02 12:40:14,yuta89@example.org,利用規約に同意する,4207592,高橋 加奈,accept,共同利用者なし,,,6階,
2026-04-02 12:50:14,saitohiroshi@example.net,利用規約に同意する,1566088,田中 加奈,accept,共同利用者なし,,,3階,
2026-04-02 12:53:45,tomoya74@example.com,利用規約に同意する,4441207,山崎 学,accept,共同利用者なし,,,6階,
2026-04-02 12:54:54,mwatanabe@example.org,利用規約に同意する,1569226,小林 里佳,accept,共同利用者なし,,,6階,
2026-04-02 13:02:20,akemi98@example.com,利用規約に同意する,1543383,高橋 涼平,accept,共同利用者なし,,,2階,
2026-04-02 13:26:16,yosukesuzuki@example.org,利用規約に同意する,8537345,斉藤 香織,accept,共同利用者あり,4528953,渡辺 真綾,,4階
2026-04-02 13:49:19,momoko73@example.org,利用規約に同意する,1593531,福田 涼平,accept,共同利用者なし,,,4階,
2026-04-02 15:02:01,itoryosuke@example.org,利用規約に同意する,8524892,林 花子,accept,共同利用者なし,,,4階,
2026-04-02 15:13:23,akira29@example.com,利用規約に同意する,4468690,佐藤 稔,accept,共同利用者なし,,,5階,
2026-04-02 15:21:11,utanaka@example.net,利用規約に同意する,4111995,藤井 亮介,denied,共同利用者なし,,,3階,
2026-04-02 15:52:59,miturusuzuki@example.net,利用規約に同意する,1508609,石川 里佳,accept,共同利用者あり,1534365,近藤 春香,,6階
2026-04-02 16:27:35,hito@example.net,利用規約に同意する,4254559,阿部 浩,accept,共同利用者あり,8496447,佐々木 陽一,,4階
2026-04-02 16:27:36,sayuri84@example.net,利用規約に同意する,1505943,佐々木 英樹,accept,共同利用者あり,4168937,山下 康弘,,2階
2026-04-02 16:28:53,watanabemituru@example.org,利用規約に同意する,4195006,林 春香,accept,共同利用者あり,8562957,藤田 里佳,,2階
2026-04-02 16:39:59,matsudayuta@example.org,利用規約に同意する,8303794,岡田 結衣,accept,共同利用者なし,,,6階,
2026-04-02 16:44:24,yamashitananami@example.com,利用規約に同意する,1553788,佐藤 康弘,accept,共同利用者あり,4141704,山口 裕樹,,6階
2026-04-02 17:06:10,yuki05@example.net,利用規約に同意する,1540539,岡本 亮介,accept,共同利用者なし,,,3階,
2026-04-02 17:13:20,hideki23@example.com,利用規約に同意する,1572733,岡田 太郎,accept,共同利用者なし,,,2階,
2026-04-02 17:17:13,yokohayashi@example.com,利用規約に同意する,8641245,山田 康弘,accept,共同利用者なし,,,5階,
2026-04-02 17:30:07,harukamaeda@example.org,利用規約に同意する,1554172,吉田 充,accept,共同利用者なし,,,5階,
2026-04-02 17:47:42,ayamashita@example.net,利用規約に同意する,1514371,岡田 亮介,accept,共同利用者あり,4116284,高橋 陽子,,3階
2026-04-02 17:55:21,ywatanabe@example.net,利用規約に同意する,4502050,高橋 英樹,accept,共同利用者あり,4508079,松本 淳,,5階
2026-04-02 18:10:04,asuka65@example.org,利用規約に同意する,1564282,高橋 智也,accept,共同利用者あり,1592925,渡辺 亮介,,4階
2026-04-02 19:33:38,takahashitaro@example.org,利用規約に同意する,2933801,小林 充,accept,共同利用者なし,,,6階,
2026-04-02 19:41:22,takuma74@example.net,利用規約に同意する,8826111,池田 拓真,denied,共同利用者なし,,,2階,
2026-04-02 19:42:54,hideki24@example.com,利用規約に同意する,8716074,坂本 太一,accept,共同利用者なし,,,5階,
2026-04-02 19:43:07,shimizuyoichi@example.org,利用規約に同意する,4344608,清水 美加子,accept,共同利用者なし,,,5階,
2026-04-02 20:06:24,satomi09@example.org,利用規約に同意する,1550703,山口 浩,accept,共同利用者なし,,,5階,
2026-04-02 20:35:02,yuinishimura@example.org,利用規約に同意する,4497771,西村 美加子,accept,共同利用者なし,,,5階,
2026-04-02 20:45:17,hanako14@example.org,利用規約に同意する,8358540,田中 明美,accept,共同利用者あり,8389687,林 康弘,,6階
2026-04-02 21:09:37,hidekiyamaguchi@example.net,利用規約に同意する,4434620,高橋 春香,accept,共同利用者あり,2169534,渡辺 浩,,2階
2026-04-02 21:34:00,sendo@example.com,利用規約に同意する,4350181,佐藤 七夏,accept,共同利用者なし,,,6階,
2026-04-02 21:53:17,yamamotosatomi@example.net,利用規約に同意する,4400611,伊藤 健一,accept,共同利用者なし,,,3階,
2026-04-02 22:29:33,ltanaka@example.net,利用規約に同意する,4559898,山田 結衣,accept,共同利用者あり,1587062,山崎 舞,,4階
2026-04-02 22:34:00,sendo@example.com,利用規約に同意する,4350181,佐藤 七夏,accept,共同利用者なし,,,2階,
2026-04-02 22:34:41,asaito@example.net,利用規約に同意する,1532053,加藤 幹,accept,共同利用者なし,,,6階,
2026-04-02 23:01:17,satomikako@example.net,利用規約に同意する,1516864,石井 零,accept,共同利用者あり,4272362,小川 美加子,,3階
2026-04-02 23:38:03,tanakamomoko@example.net,利用規約に同意する,1530490,中川 聡太郎,accept,共同利用者あり,4368551,清水 陽子,,3階
2026-04-03 00:29:50,shota90@example.org,利用規約に同意する,4112196,鈴木 千代,accept,共同利用者あり,1539932,佐藤 亮介,,4階
2026-04-03 00:29:56,haruka83@example.com,利用規約に同意する,4523652,遠藤 翼,accept,共同利用者なし,,,3階,
2026-04-03 00:36:32,manabu14@example.net,利用規約に同意する,1543228,斉藤 加奈,accept,共同利用者あり,8615012,長谷川 太郎,,4階
2026-04-03 01:35:23,nakajimaminoru@example.org,利用規約に同意する,1539008,清水 里佳,accept,共同利用者あり,8588150,長谷川 和也,,3階
2026-04-03 02:01:34,aokitaichi@example.net,利用規約に同意する,4485267,坂本 七夏,accept,共同利用者なし,,,5階,
2026-04-03 02:33:48,emurakami@example.com,利用規約に同意する,4471371,佐藤 春香,accept,共同利用者なし,,,4階,
2026-04-03 02:35:22,ogawamomoko@example.net,利用規約に同意する,1522439,森 聡太郎,accept,共同利用者なし,,,5階,
2026-04-03 03:34:20,naoko76@example.com,利用規約に同意する,1583283,松本 知実,accept,共同利用者なし,,,4階,
2026-04-03 04:00:21,matsudayuta@example.org,利用規約に同意する,8303794,岡田 結衣,accept,共同利用者なし,,,2階,
2026-04-03 04:41:21,suzukishohei@example.com,利用規約に同意する,1558554,森 英樹,accept,共同利用者なし,,,5階,
2026-04-03 04:49:02,nakagawaryohei@example.net,利用規約に同意する,8486413,山口 七夏,denied,共同利用者なし,,,2階,
2026-04-03 05:33:43,maaya83@example.org,利用規約に同意する,1550910,山下 康弘,accept,共同利用者あり,4159432,高橋 浩,,4階
2026-04-03 06:04:16,wtanaka@example.com,利用規約に同意する,4528953,渡辺 真綾,accept,共同利用者なし,,,3階,
2026-04-03 06:07:39,mgoto@example.org,利用規約に同意する,4419671,吉田 充,accept,共同利用者あり,8307266,佐藤 京助,,5階
2026-04-03 06:10:54,sotarosuzuki@example.org,利用規約に同意する,8646531,池田 千代,accept,共同利用者なし,,,2階,
2026-04-03 06:19:51,yoshidayosuke@example.org,利用規約に同意する,4685180,松田 陽子,accept,共同利用者なし,,,6階,
2026-04-03 06:42:23,ryohei85@example.net,利用規約に同意する,4298366,中島 春香,accept,共同利用者なし,,,5階,
2026-04-03 06:44:09,qokamoto@example.net,利用規約に同意する,1524901,佐々木 知実,accept,共同利用者なし,,,5階,
2026-04-03 07:11:10,kaori03@example.com,利用規約に同意する,8670687,中村 幹,accept,共同利用者あり,1551747,斉藤 桃子,,5階
2026-04-03 07:11:33,katonaoki@example.com,利用規約に同意する,8208142,山崎 英樹,accept,共同利用者なし,,,3階,
2026-04-03 07:23:16,wtanaka@example.com,利用規約に同意する,4528953,渡辺 真綾,accept,共同利用者なし,,,6階,
2026-04-03 07:59:20,eishikawa@example.org,利用規約に同意する,8656436,中川 舞,accept,共同利用者なし,,,5階,
2026-04-03 08:14:19,maedakyosuke@example.org,利用規約に同意する,4215814,鈴木 加奈,accept,共同利用者なし,,,4階,
2026-04-03 08:16:31,yamamototakuma@example.com,利用規約に同意する,8250940,佐藤 舞,accept,共同利用者なし,,,6階,
2026-04-03 08:34:33,shimizuyoichi@example.org,利用規約に同意する,4344608,清水 美加子,accept,共同利用者なし,,,3階,
2026-04-03 08:45:59,hanakosuzuki@example.com,利用規約に同意する,4359638,鈴木 智也,denied,共同利用者あり,1536025,岡田 太郎,,6階
2026-04-03 08:55:27,kobayashitsubasa@example.net,利用規約に同意する,8590326,近藤 あすか,accept,共同利用者あり,1532768,中川 幹,,2階
2026-04-03 09:10:11,tomoya74@example.com,利用規約に同意する,4441207,山崎 学,accept,共同利用者なし,,,3階,
2026-04-03 09:19:38,hsasaki@example.com,利用規約に同意する,4659510,斎藤 直子,accept,共同利用者あり,8640425,山本 英樹,,4階
2026-04-03 10:01:23,akira08@example.net,利用規約に同意する,1505482,中川 美加子,accept,共同利用者なし,,,2階,
2026-04-03 10:04:50,yoko45@example.org,利用規約に同意する,4250164,長谷川 稔,accept,共同利用者なし,,,4階,
2026-04-03 10:31:10,mikinakamura@example.com,利用規約に同意する,8178240,松田 美加子,accept,共同利用者あり,4381691,鈴木 康弘,,6階
2026-04-03 10:43:32,watanabeatsushi@example.net,利用規約に同意する,8391988,小林 香織,accept,共同利用者あり,4525203,山本 智也,,6階
2026-04-03 10:56:51,saitoyosuke@example.com,利用規約に同意する,1549009,山口 直人,accept,共同利用者なし,,,2階,
2026-04-03 11:18:38,yukitanaka@example.net,利用規約に同意する,8568493,山口 幹,accept,共同利用者なし,,,6階,
2026-04-03 11:20:32,kimurakaori@example.net,利用規約に同意する,1586194,中川 亮介,accept,共同利用者あり,1530340,山口 七夏,,3階
2026-04-03 11:52:53,chiyo94@example.net,利用規約に同意する,4381289,高橋 真綾,accept,共同利用者なし,,,6階,
2026-04-03 12:02:22,miuramai@example.com,利用規約に同意する,8518625,高橋 里佳,accept,共同利用者なし,,,6階,
2026-04-03 12:07:58,qokamoto@example.net,利用規約に同意する,1524901,佐々木 知実,accept,共同利用者なし,,,4階,
2026-04-03 12:10:08,akemi07@example.com,利用規約に同意する,1521798,佐々木 桃子,accept,共同利用者あり,8798735,坂本 篤司,,5階
2026-04-03 12:14:45,sotaro04@example.org,利用規約に同意する,4457733,松田 零,accept,共同利用者なし,,,2階,
2026-04-03 12:28:29,bsato@example.org,利用規約に同意する,1532411,田中 結衣,accept,共同利用者なし,,,5階,
2026-04-03 12:31:49,osamu21@example.com,利用規約に同意する,8282323,田中 舞,accept,共同利用者なし,,,4階,
2026-04-03 12:50:53,chiyo94@example.net,利用規約に同意する,4381289,高橋 真綾,accept,共同利用者なし,,,3階,
2026-04-03 12:53:45,ywatanabe@example.net,利用規約に同意する,4502050,高橋 英樹,accept,共同利用者あり,4434524,渡辺 修平,,6階
2026-04-03 13:14:45,suzukishohei@example.com,利用規約に同意する,1558554,森 英樹,accept,共同利用者なし,,,3階,
2026-04-03 13:27:59,suzukiyui@example.com,利用規約に同意する,4490017,小川 陽一,accept,共同利用者なし,,,5階,
2026-04-03 13:47:24,itotakuma@example.org,利用規約に同意する,4376344,山本 真綾,accept,共同利用者あり,8283521,田中 さゆり,,5階
2026-04-03 13:49:42,inouenanami@example.net,利用規約に同意する,1550639,松本 春香,accept,共同利用者なし,,,2階,
2026-04-03 13:56:32,manabu42@example.com,利用規約に同意する,2854548,山本 裕太,accept,共同利用者なし,,,3階,
2026-04-03 13:57:44,nanami18@example.net,利用規約に同意する,1537752,田中 くみ子,accept,共同利用者なし,,,2階,
2026-04-03 14:00:26,naokoyamaguchi@example.org,利用規約に同意する,8296948,林 涼平,accept,共同利用者なし,,,6階,
2026-04-03 14:02:24,itotakuma@example.org,利用規約に同意する,4376344,山本 真綾,accept,共同利用者あり,8283521,田中 さゆり,,6階
2026-04-03 14:21:37,yumiko36@example.net,利用規約に同意する,4300395,近藤 七夏,accept,共同利用者なし,,,6階,
2026-04-03 14:46:41,matsumotoosamu@example.com,利用規約に同意する,1548929,中村 陽一,accept,共同利用者あり,8156626,山口 学,,5階
2026-04-03 15:42:34,haruka85@example.net,利用規約に同意する,1581205,佐藤 加奈,accept,共同利用者あり,8150134,吉田 真綾,,3階
2026-04-03 15:43:10,yumiko92@example.org,利用規約に同意する,8210592,山崎 学,accept,共同利用者なし,,,6階,
2026-04-03 16:15:49,yuki86@example.org,利用規約に同意する,8492340,佐藤 智也,accept,共同利用者あり,4647943,小林 七夏,,6階
2026-04-03 16:19:50,maigoto@example.com,利用規約に同意する,8632613,井上 学,accept,共同利用者なし,,,2階,
2026-04-03 16:20:13,qota@example.org,利用規約に同意する,8489065,松本 陽子,accept,共同利用者なし,,,6階,
2026-04-03 16:33:43,yuta36@example.com,利用規約に同意する,4175965,岡田 陽一,accept,共同利用者あり,1526680,松田 充,,6階
2026-04-03 16:38:33,qtanaka@example.org,利用規約に同意する,4447175,村上 舞,accept,共同利用者なし,,,4階,
2026-04-03 16:45:34,haruka85@example.net,利用規約に同意する,1581205,佐藤 加奈,accept,共同利用者あり,8150134,吉田 真綾,,6階
2026-04-03 16:49:26,nakajimaminoru@example.org,利用規約に同意する,1539008,清水 里佳,accept,共同利用者なし,,,3階,
2026-04-03 17:55:22,moriyui@example.org,利用規約に同意する,1506322,伊藤 学,accept,共同利用者なし,,,3階,
2026-04-03 17:55:38,ryoheimurakami@example.com,利用規約に同意する,8280623,福田 花子,accept,共同利用者なし,,,6階,
2026-04-03 18:02:42,watanabemituru@example.org,利用規約に同意する,4195006,林 春香,accept,共同利用者あり,8427760,佐藤 学,,6階
2026-04-03 18:09:07,pmiura@example.org,利用規約に同意する,1505754,高橋 太一,accept,共同利用者なし,,,3階,
2026-04-03 18:18:52,yumiko36@example.net,利用規約に同意する,4300395,近藤 七夏,accept,共同利用者なし,,,6階,
2026-04-03 18:23:25,kobayashiyoko@example.net,利用規約に同意する,4507026,石井 陽子,accept,共同利用者なし,,,3階,
2026-04-03 18:41:03,naotoikeda@example.net,利用規約に同意する,4929188,高橋 舞,accept,共同利用者あり,4224890,石井 康弘,,5階
2026-04-03 19:38:12,rei46@example.org,利用規約に同意する,1542233,林 拓真,accept,共同利用者なし,,,5階,
2026-04-03 19:50:31,gfukuda@example.org,利用規約に同意する,8385097,小川 美加子,accept,共同利用者なし,,,5階,
2026-04-03 20:04:00,mai33@example.net,利用規約に同意する,4633612,井上 淳,accept,共同利用者なし,,,2階,
2026-04-03 20:39:41,hanako75@example.com,利用規約に同意する,8381689,西村 拓真,accept,共同利用者あり,4377518,鈴木 真綾,,2階
2026-04-03 20:55:05,wkimura@example.com,利用規約に同意する,8111406,木村 幹,accept,共同利用者あり,8694297,加藤 稔,,6階
2026-04-03 21:22:20,vota@example.org,利用規約に同意する,4537346,中島 明美,accept,共同利用者なし,,,3階,
2026-04-03 21:31:44,htakahashi@example.org,利用規約に同意する,8103718,山崎 翔太,denied,共同利用者なし,,,6階,
2026-04-03 21:39:45,haruka99@example.org,利用規約に同意する,1527710,後藤 直人,accept,共同利用者なし,,,4階,
2026-04-03 22:18:21,kmatsumoto@example.org,利用規約に同意する,4646988,伊藤 春香,accept,共同利用者あり,8104222,藤井 充,,4階
2026-04-03 22:28:04,kumikoinoue@example.net,利用規約に同意する,8271511,伊藤 陽子,accept,共同利用者あり,1549140,渡辺 七夏,,5階
2026-04-03 22:43:41,saitomaaya@example.org,利用規約に同意する,8562324,小林 花子,accept,共同利用者なし,,,3階,
2026-04-03 22:46:23,katotaro@example.com,利用規約に同意する,8626365,田中 くみ子,accept,共同利用者なし,,,3階,
2026-04-03 22:54:41,saitomaaya@example.org,利用規約に同意する,8562324,小林 花子,accept,共同利用者なし,,,3階,
2026-04-03 23:42:35,yumikosasaki@example.org,利用規約に同意する,1536208,伊藤 京助,accept,共同利用者なし,,,5階,
2026-04-04 00:06:28,hiroshi49@example.org,利用規約に同意する,1594540,三浦 春香,denied,共同利用者あり,4348816,山本 直子,,6階
2026-04-04 00:39:10,asukainoue@example.net,利用規約に同意する,8214538,伊藤 さゆり,denied,共同利用者あり,8307936,渡辺 春香,,5階
2026-04-04 00:40:09,atsushimori@example.net,利用規約に同意する,8220922,遠藤 結衣,accept,共同利用者なし,,,5階,
2026-04-04 01:01:05,satonaoto@example.net,利用規約に同意する,2313474,中川 舞,accept,共同利用者あり,1533092,中島 舞,,2階
2026-04-04 01:08:40,yuisasaki@example.org,利用規約に同意する,4279415,山口 淳,accept,共同利用者あり,1541033,小林 七夏,,3階
2026-04-04 01:09:02,bishikawa@example.net,利用規約に同意する,1536569,斎藤 修平,accept,共同利用者なし,,,6階,
2026-04-04 01:24:05,satonaoto@example.net,利用規約に同意する,2313474,中川 舞,accept,共同利用者あり,1533092,中島 舞,,2階
2026-04-04 01:34:45,yuki86@example.org,利用規約に同意する,8492340,佐藤 智也,accept,共同利用者なし,,,2階,
2026-04-04 01:35:33,taichisato@example.com,利用規約に同意する,1569002,高橋 翼,accept,共同利用者あり,8626326,池田 さゆり,,4階
2026-04-04 01:36:53,chiyo24@example.org,利用規約に同意する,8209807,山口 春香,accept,共同利用者なし,,,2階,
2026-04-04 01:49:02,wtanaka@example.org,利用規約に同意する,4185798,佐藤 聡太郎,accept,共同利用者あり,1543288,加藤 春香,,6階
2026-04-04 02:14:08,momoko04@example.com,利用規約に同意する,4320934,後藤 零,accept,共同利用者なし,,,5階,
2026-04-04 02:29:04,saitokumiko@example.net,利用規約に同意する,4203416,松田 洋介,accept,共同利用者なし,,,6階,
2026-04-04 02:42:31,yamamotokyosuke@example.com,利用規約に同意する,1587416,斎藤 英樹,accept,共同利用者なし,,,6階,
2026-04-04 02:42:32,katoryosuke@example.net,利用規約に同意する,8366469,小川 桃子,accept,共同利用者あり,8278282,中島 直子,,6階
2026-04-04 02:47:16,shota90@example.org,利用規約に同意する,4112196,鈴木 千代,accept,共同利用者なし,,,4階,
2026-04-04 03:12:15,nakagawamiki@example.com,利用規約に同意する,8502799,斉藤 学,accept,共同利用者あり,4323834,藤田 智也,,5階
2026-04-04 03:36:31,yamamotokyosuke@example.com,利用規約に同意する,1587416,斎藤 英樹,accept,共同利用者なし,,,5階,
2026-04-04 03:40:35,yuki60@example.net,利用規約に同意する,8410084,中島 亮介,accept,共同利用者なし,,,6階,
2026-04-04 03:54:35,tsaito@example.net,利用規約に同意する,8411919,渡辺 舞,accept,共同利用者なし,,,6階,
2026-04-04 04:11:36,ryosukekato@example.org,利用規約に同意する,8494510,福田 和也,accept,共同利用者あり,1589709,山本 あすか,,4階
2026-04-04 04:23:38,minoruota@example.net,利用規約に同意する,4668195,山崎 千代,accept,共同利用者なし,,,4階,
2026-04-04 04:28:28,minoruyamamoto@example.org,利用規約に同意する,4248630,松本 美加子,accept,共同利用者なし,,,4階,
2026-04-04 04:54:41,kimuramiki@example.org,利用規約に同意する,1560807,山田 舞,accept,共同利用者なし,,,2階,
2026-04-04 05:18:37,nishimurakumiko@example.com,利用規約に同意する,8594373,林 亮介,accept,共同利用者あり,1562070,橋本 七夏,,2階
2026-04-04 05:18:48,suzukiyuki@example.net,利用規約に同意する,4153088,前田 裕美子,accept,共同利用者なし,,,6階,
2026-04-04 05:39:36,ryosukekato@example.org,利用規約に同意する,8494510,福田 和也,accept,共同利用者あり,1589709,山本 あすか,,6階
2026-04-04 05:46:30,rikaishii@example.org,利用規約に同意する,4348760,渡辺 洋介,accept,共同利用者あり,8561712,吉田 翔太,,4階
2026-04-04 05:54:03,akemi34@example.net,利用規約に同意する,1566237,中島 篤司,accept,共同利用者なし,,,2階,
2026-04-04 06:29:13,suzukiakemi@example.com,利用規約に同意する,8798735,坂本 篤司,accept,共同利用者なし,,,5階,
2026-04-04 06:42:36,suzukiyoichi@example.org,利用規約に同意する,4579817,林 千代,accept,共同利用者あり,8129131,中村 結衣,,5階
2026-04-04 07:16:46,yuta24@example.com,利用規約に同意する,8428893,高橋 浩,accept,共同利用者なし,,,4階,
2026-04-04 07:45:56,takahashiatsushi@example.net,利用規約に同意する,8145242,鈴木 修平,accept,共同利用者あり,4692978,三浦 洋介,,5階
2026-04-04 07:57:36,yumiko82@example.net,利用規約に同意する,4398567,遠藤 花子,accept,共同利用者なし,,,6階,
2026-04-04 07:58:40,yyamamoto@example.com,利用規約に同意する,1530021,中島 和也,accept,共同利用者なし,,,2階,
2026-04-04 08:00:00,yamazakiatsushi@example.org,利用規約に同意する,4612502,林 七夏,accept,共同利用者なし,,,2階,
2026-04-04 08:37:43,shota43@example.net,利用規約に同意する,8411506,村上 智也,accept,共同利用者なし,,,3階,
2026-04-04 08:55:29,ckobayashi@example.net,利用規約に同意する,4449840,山口 直樹,accept,共同利用者なし,,,2階,
2026-04-04 09:34:43,sotaro03@example.com,利用規約に同意する,4671509,中島 晃,accept,共同利用者なし,,,5階,
2026-04-04 09:48:59,shotafujita@example.net,利用規約に同意する,8303390,斎藤 直樹,accept,共同利用者なし,,,4階,
2026-04-04 09:52:56,asukashimizu@example.net,利用規約に同意する,8330903,山本 明美,accept,共同利用者あり,4209359,福田 洋介,,6階
2026-04-04 10:03:30,hiroshi35@example.org,利用規約に同意する,4397853,佐藤 京助,accept,共同利用者なし,,,6階,
2026-04-04 10:20:27,mikiishii@example.net,利用規約に同意する,8384012,渡辺 聡太郎,accept,共同利用者なし,,,6階,
2026-04-04 10:30:26,rei84@example.net,利用規約に同意する,1548589,山本 健一,accept,共同利用者なし,,,5階,
2026-04-04 10:51:27,mikiishii@example.net,利用規約に同意する,8384012,渡辺 聡太郎,accept,共同利用者なし,,,2階,
2026-04-04 10:56:05,haruka99@example.org,利用規約に同意する,1527710,後藤 直人,accept,共同利用者なし,,,3階,
2026-04-04 11:05:01,nanamisato@example.org,利用規約に同意する,4591248,池田 あすか,denied,共同利用者なし,,,2階,
2026-04-04 11:07:26,taichi10@example.net,利用規約に同意する,8621511,岡本 舞,accept,共同利用者あり,8613587,鈴木 聡太郎,,6階
2026-04-04 11:31:03,vkato@example.org,利用規約に同意する,8492847,長谷川 亮介,accept,共同利用者なし,,,2階,
2026-04-04 11:55:48,inouemituru@example.net,利用規約に同意する,8422349,坂本 洋介,accept,共同利用者なし,,,4階,
2026-04-04 11:58:03,shota71@example.net,利用規約に同意する,1529012,高橋 和也,accept,共同利用者なし,,,3階,
2026-04-04 12:25:01,ryoheikimura@example.org,利用規約に同意する,1587584,藤井 舞,accept,共同利用者なし,,,4階,
2026-04-04 13:01:04,xyamamoto@example.net,利用規約に同意する,4167391,松本 零,accept,共同利用者あり,1598021,吉田 結衣,,3階
2026-04-04 13:10:01,kimurayuki@example.com,利用規約に同意する,4415825,井上 あすか,accept,共同利用者なし,,,5階,
2026-04-04 13:18:02,akemitanaka@example.org,利用規約に同意する,1533386,阿部 陽一,accept,共同利用者なし,,,6階,
2026-04-04 13:23:39,yosuke95@example.com,利用規約に同意する,4588395,吉田 美加子,accept,共同利用者あり,1505754,高橋 太一,,2階
2026-04-04 13:33:11,momoko02@example.com,利用規約に同意する,4268303,藤原 幹,accept,共同利用者なし,,,6階,
2026-04-04 13:40:56,yoko57@example.net,利用規約に同意する,4334152,佐藤 美加子,accept,共同利用者なし,,,4階,
2026-04-04 13:50:51,haruka83@example.com,利用規約に同意する,4523652,遠藤 翼,accept,共同利用者あり,1561385,松本 陽子,,2階
2026-04-04 13:52:01,ryoheikimura@example.org,利用規約に同意する,1587584,藤井 舞,accept,共同利用者なし,,,2階,
2026-04-04 14:25:02,akemitanaka@example.org,利用規約に同意する,1533386,阿部 陽一,accept,共同利用者なし,,,2階,
2026-04-04 14:32:50,momoko02@example.com,利用規約に同意する,4268303,藤原 幹,accept,共同利用者あり,8449412,鈴木 幹,,5階
2026-04-04 14:34:40,minoru75@example.org,利用規約に同意する,8481351,加藤 七夏,accept,共同利用者あり,1579310,伊藤 陽子,,3階
2026-04-04 14:35:05,ntakahashi@example.net,利用規約に同意する,1569758,林 明美,accept,共同利用者なし,,,6階,
2026-04-04 14:38:21,nakajimakumiko@example.com,利用規約に同意する,4388652,佐藤 英樹,accept,共同利用者あり,8245353,青木 知実,,3階
2026-04-04 14:46:52,satochiyo@example.com,利用規約に同意する,8202348,松本 裕太,accept,共同利用者なし,,,2階,
2026-04-04 14:55:29,suzukitakuma@example.net,利用規約に同意する,1547329,岡田 健一,accept,共同利用者なし,,,6階,
2026-04-04 15:26:00,sotaro55@example.net,利用規約に同意する,4547942,松本 洋介,accept,共同利用者なし,,,2階,
2026-04-04 15:56:09,uyamaguchi@example.net,利用規約に同意する,4316899,加藤 太郎,accept,共同利用者あり,8492340,佐藤 智也,,4階
2026-04-04 15:56:52,satochiyo@example.com,利用規約に同意する,8202348,松本 裕太,accept,共同利用者なし,,,6階,
2026-04-04 16:02:34,takuma57@example.com,利用規約に同意する,4589989,林 千代,accept,共同利用者なし,,,3階,
2026-04-04 16:04:04,rika39@example.org,利用規約に同意する,1550585,佐藤 七夏,accept,共同利用者なし,,,2階,
2026-04-04 16:46:35,manabu11@example.com,利用規約に同意する,4161674,佐藤 真綾,accept,共同利用者なし,,,5階,
2026-04-04 17:31:14,rikaito@example.com,利用規約に同意する,1501220,岡本 直樹,accept,共同利用者あり,4324486,松本 直樹,,6階
2026-04-04 17:31:53,hogawa@example.com,利用規約に同意する,1543007,前田 陽子,accept,共同利用者なし,,,6階,
2026-04-04 17:42:39,suzukiyasuhiro@example.com,利用規約に同意する,4526406,中島 修平,accept,共同利用者あり,1554053,福田 充,,5階
2026-04-04 17:45:24,rikayoshida@example.org,利用規約に同意する,4540953,中川 健一,accept,共同利用者なし,,,6階,
2026-04-04 17:47:56,dnakamura@example.org,利用規約に同意する,8532656,清水 幹,accept,共同利用者なし,,,5階,
2026-04-04 17:50:38,saitojun@example.com,利用規約に同意する,8549767,小林 英樹,accept,共同利用者なし,,,2階,
2026-04-04 18:00:37,naotosuzuki@example.org,利用規約に同意する,8611221,藤原 洋介,accept,共同利用者あり,8895525,田中 春香,,2階
2026-04-04 18:02:05,asuka65@example.org,利用規約に同意する,1564282,高橋 智也,accept,共同利用者あり,8486577,清水 太郎,,6階
2026-04-04 18:10:51,ayamashita@example.net,利用規約に同意する,2208981,木村 舞,accept,共同利用者あり,2772309,佐藤 里佳,,6階
2026-04-04 18:43:32,hito@example.net,利用規約に同意する,4254559,阿部 浩,accept,共同利用者あり,1518004,岡本 直子,,2階
2026-04-04 20:08:33,ogawanaoko@example.org,利用規約に同意する,4424957,高橋 桃子,accept,共同利用者あり,8502665,斎藤 淳,,2階
2026-04-04 20:44:12,fukudatakuma@example.net,利用規約に同意する,4114662,佐藤 零,accept,共同利用者なし,,,5階,
2026-04-04 21:20:20,wtanaka@example.org,利用規約に同意する,4185798,佐藤 聡太郎,accept,共同利用者なし,,,5階,
2026-04-04 21:40:00,ukato@example.net,利用規約に同意する,4542746,渡辺 和也,denied,共同利用者あり,8391655,高橋 明美,,3階
2026-04-04 21:44:52,fukudaakira@example.org,利用規約に同意する,1565239,井上 花子,accept,共同利用者なし,,,5階,
2026-04-04 21:54:42,yumiko82@example.net,利用規約に同意する,4398567,遠藤 花子,accept,共同利用者なし,,,2階,
2026-04-04 21:59:04,rikakato@example.com,利用規約に同意する,8324881,清水 零,accept,共同利用者なし,,,6階,
2026-04-04 22:32:05,tnakamura@example.net,利用規約に同意する,8362031,中島 桃子,accept,共同利用者なし,,,2階,
2026-04-05 00:11:07,yosukeinoue@example.net,利用規約に同意する,1539085,岡田 直樹,accept,共同利用者あり,4692978,三浦 洋介,,5階
2026-04-05 00:21:17,yamadarei@example.org,利用規約に同意する,1515906,佐藤 舞,accept,共同利用者なし,,,4階,
2026-04-05 00:25:16,katoyuta@example.org,利用規約に同意する,4290255,中島 くみ子,accept,共同利用者なし,,,5階,
2026-04-05 00:54:03,ftakahashi@example.org,利用規約に同意する,8204081,山本 直樹,accept,共同利用者なし,,,5階,
2026-04-05 01:10:24,akobayashi@example.org,利用規約に同意する,8539535,石川 稔,accept,共同利用者なし,,,3階,
2026-04-05 01:29:40,ogawamomoko@example.net,利用規約に同意する,1522439,森 聡太郎,accept,共同利用者なし,,,3階,
2026-04-05 01:42:17,yasuhiroyamamoto@example.com,利用規約に同意する,4430715,松本 陽一,accept,共同利用者なし,,,2階,
2026-04-05 01:44:40,ogawamomoko@example.net,利用規約に同意する,1522439,森 聡太郎,accept,共同利用者なし,,,6階,
2026-04-05 02:17:18,qnakamura@example.com,利用規約に同意する,8386951,田中 修平,accept,共同利用者なし,,,3階,
2026-04-05 02:29:44,rei46@example.org,利用規約に同意する,1542233,林 拓真,denied,共同利用者あり,8277128,藤井 七夏,,4階
2026-04-05 03:13:45,yosuke57@example.net,利用規約に同意する,1558529,小林 篤司,accept,共同利用者なし,,,4階,
2026-04-05 03:37:54,hiroshisato@example.net,利用規約に同意する,8309447,渡辺 裕美子,accept,共同利用者なし,,,6階,
2026-04-05 03:43:55,uhayashi@example.net,利用規約に同意する,4295881,佐々木 明美,accept,共同利用者あり,8617927,加藤 浩,,6階
2026-04-05 05:01:07,jun77@example.org,利用規約に同意する,1519735,佐々木 舞,accept,共同利用者あり,8644245,山口 結衣,,5階
2026-04-05 05:11:51,itonaoki@example.net,利用規約に同意する,4115213,岡本 陽子,accept,共同利用者なし,,,5階,
2026-04-05 05:16:29,kaori99@example.com,利用規約に同意する,4670852,遠藤 英樹,accept,共同利用者なし,,,2階,
2026-04-05 05:24:05,yui49@example.org,利用規約に同意する,4467538,太田 翔太,accept,共同利用者あり,2715396,高橋 翔太,,6階
2026-04-05 05:40:34,rikakato@example.com,利用規約に同意する,8324881,清水 零,accept,共同利用者なし,,,5階,
2026-04-05 05:40:55,osamu53@example.net,利用規約に同意する,1575914,鈴木 里佳,accept,共同利用者なし,,,6階,
2026-04-05 05:49:42,maedaminoru@example.org,利用規約に同意する,8580746,石川 智也,accept,共同利用者なし,,,5階,
2026-04-05 06:01:06,katojun@example.org,利用規約に同意する,8455448,高橋 涼平,accept,共同利用者あり,1583050,斎藤 千代,,5階
2026-04-05 06:18:40,naotomori@example.com,利用規約に同意する,8344541,斎藤 幹,accept,共同利用者なし,,,5階,
2026-04-05 06:21:08,yokotakahashi@example.com,利用規約に同意する,1509835,高橋 千代,accept,共同利用者なし,,,4階,
2026-04-05 06:27:43,yuta36@example.com,利用規約に同意する,4175965,岡田 陽一,accept,共同利用者なし,,,2階,
2026-04-05 07:21:15,nnakamura@example.net,利用規約に同意する,1534365,近藤 春香,accept,共同利用者なし,,,2階,
2026-04-05 07:21:29,oyoshida@example.net,利用規約に同意する,8560889,山田 知実,accept,共同利用者あり,8358540,田中 明美,,2階
2026-04-05 07:35:00,tanakamomoko@example.net,利用規約に同意する,1530490,中川 聡太郎,accept,共同利用者なし,,,2階,
2026-04-05 07:39:05,akemi39@example.org,利用規約に同意する,4611953,橋本 陽一,denied,共同利用者あり,8640425,山本 英樹,,6階
2026-04-05 07:58:31,tsubasa25@example.org,利用規約に同意する,3049319,山田 亮介,accept,共同利用者なし,,,6階,
2026-04-05 08:29:30,rikaishii@example.org,利用規約に同意する,4348760,渡辺 洋介,accept,共同利用者あり,1532441,鈴木 里佳,,5階
2026-04-05 08:48:12,yoko33@example.com,利用規約に同意する,1532768,中川 幹,denied,共同利用者なし,,,2階,
2026-04-05 08:48:32,aokitaichi@example.net,利用規約に同意する,4485267,坂本 七夏,accept,共同利用者なし,,,2階,
2026-04-05 09:05:40,mikeda@example.com,利用規約に同意する,2567499,遠藤 裕樹,accept,共同利用者あり,1577182,松本 和也,,5階
2026-04-05 09:10:32,aokitaichi@example.net,利用規約に同意する,4485267,坂本 七夏,accept,共同利用者なし,,,6階,
2026-04-05 09:14:57,gtanaka@example.net,利用規約に同意する,8528972,中村 健一,accept,共同利用者なし,,,6階,
2026-04-05 10:16:11,hito@example.net,利用規約に同意する,4254559,阿部 浩,accept,共同利用者なし,,,4階,
2026-04-05 10:26:51,mai17@example.org,利用規約に同意する,8315058,青木 さゆり,accept,共同利用者あり,1558926,佐藤 さゆり,,5階
2026-04-05 11:11:00,hayashiatsushi@example.org,利用規約に同意する,8650667,林 千代,accept,共同利用者なし,,,2階,
2026-04-05 11:38:07,sotaro04@example.org,利用規約に同意する,4457733,松田 零,accept,共同利用者なし,,,5階,
2026-04-05 11:50:36,hanako96@example.org,利用規約に同意する,8206787,鈴木 加奈,accept,共同利用者なし,,,4階,
2026-04-05 12:18:11,hiroshi89@example.com,利用規約に同意する,1573731,小林 花子,accept,共同利用者あり,8210837,斎藤 結衣,,4階
2026-04-05 12:26:41,momokomurakami@example.org,利用規約に同意する,8590496,三浦 翼,accept,共同利用者なし,,,5階,
2026-04-05 12:35:09,kimurajun@example.net,利用規約に同意する,4431946,藤原 七夏,accept,共同利用者あり,8283606,高橋 くみ子,,5階
2026-04-05 12:35:45,maayasuzuki@example.net,利用規約に同意する,4435804,阿部 学,accept,共同利用者なし,,,2階,
2026-04-05 13:28:45,satochiyo@example.org,利用規約に同意する,4197370,森 結衣,accept,共同利用者あり,8622818,小林 翔太,,6階
2026-04-05 13:28:48,yuta24@example.com,利用規約に同意する,8428893,高橋 浩,denied,共同利用者なし,,,4階,
2026-04-05 13:33:39,yutanakajima@example.org,利用規約に同意する,4168937,山下 康弘,accept,共同利用者あり,4592459,松田 花子,,6階
2026-04-05 13:52:45,maayasuzuki@example.net,利用規約に同意する,4435804,阿部 学,accept,共同利用者なし,,,4階,
2026-04-05 14:09:35,ukato@example.net,利用規約に同意する,4542746,渡辺 和也,accept,共同利用者あり,8317486,田中 加奈,,2階
2026-04-05 14:24:48,yuta24@example.com,利用規約に同意する,8428893,高橋 浩,denied,共同利用者なし,,,2階,
2026-04-05 14:27:54,anakamura@example.net,利用規約に同意する,8444597,山田 健一,accept,共同利用者あり,1589709,山本 あすか,,5階
2026-04-05 14:36:25,bito@example.net,利用規約に同意する,8562957,藤田 里佳,accept,共同利用者なし,,,3階,
2026-04-05 14:46:50,wkato@example.org,利用規約に同意する,4161824,林 健一,accept,共同利用者なし,,,3階,
2026-04-05 14:47:39,ryoheiokamoto@example.org,利用規約に同意する,8654827,石川 淳,accept,共同利用者なし,,,6階,
2026-04-05 14:56:08,watanabetakuma@example.net,利用規約に同意する,1579822,佐々木 太郎,accept,共同利用者なし,,,2階,
2026-04-05 15:00:59,uito@example.net,利用規約に同意する,8154948,山田 晃,accept,共同利用者なし,,,6階,
2026-04-05 15:12:56,kenichisakamoto@example.com,利用規約に同意する,8417786,佐々木 裕樹,accept,共同利用者なし,,,5階,
2026-04-05 15:21:29,satohanako@example.net,利用規約に同意する,8898319,斉藤 美加子,accept,共同利用者なし,,,4階,
2026-04-05 15:21:30,smurakami@example.com,利用規約に同意する,8346457,佐々木 知実,accept,共同利用者なし,,,2階,
2026-04-05 15:47:57,takumamatsumoto@example.org,利用規約に同意する,1592778,森 充,accept,共同利用者あり,1543910,三浦 美加子,,5階
2026-04-05 15:57:36,xsasaki@example.com,利用規約に同意する,4552196,近藤 晃,accept,共同利用者なし,,,2階,
2026-04-05 16:10:29,satohanako@example.net,利用規約に同意する,8898319,斉藤 美加子,accept,共同利用者なし,,,6階,
2026-04-05 16:52:45,manabu11@example.com,利用規約に同意する,4161674,佐藤 真綾,accept,共同利用者なし,,,3階,
2026-04-05 16:58:24,shota70@example.org,利用規約に同意する,4251505,西村 知実,accept,共同利用者あり,1522439,森 聡太郎,,6階
2026-04-05 18:41:20,yutayoshida@example.net,利用規約に同意する,4188452,前田 桃子,accept,共同利用者なし,,,2階,
2026-04-05 19:04:23,kkondo@example.org,利用規約に同意する,8502665,斎藤 淳,accept,共同利用者なし,,,4階,
2026-04-05 19:16:16,mikakotanaka@example.org,利用規約に同意する,1540970,清水 修平,accept,共同利用者なし,,,6階,
2026-04-05 19:40:10,yoichi49@example.org,利用規約に同意する,8482149,石井 舞,accept,共同利用者なし,,,3階,
2026-04-05 19:46:20,yutayoshida@example.net,利用規約に同意する,4188452,前田 桃子,accept,共同利用者なし,,,2階,
2026-04-05 20:18:02,xishikawa@example.org,利用規約に同意する,8260952,山口 零,accept,共同利用者なし,,,6階,
2026-04-05 20:31:21,wwatanabe@example.com,利用規約に同意する,8628183,清水 陽子,accept,共同利用者なし,,,3階,
2026-04-05 20:41:21,suzukiryohei@example.org,利用規約に同意する,1538654,佐々木 直樹,accept,共同利用者あり,1581439,佐藤 浩,,6階
2026-04-05 20:54:58,taichi74@example.com,利用規約に同意する,8268494,田中 聡太郎,accept,共同利用者あり,4209359,福田 洋介,,6階
2026-04-05 21:30:49,rfujita@example.net,利用規約に同意する,8418373,山田 裕美子,accept,共同利用者あり,1559251,遠藤 智也,,6階
2026-04-05 21:38:01,hiroshitanaka@example.org,利用規約に同意する,8242987,中村 加奈,accept,共同利用者なし,,,4階,
2026-04-05 21:38:02,naoto01@example.org,利用規約に同意する,1502187,田中 亮介,accept,共同利用者あり,4549941,橋本 洋介,,2階
2026-04-05 21:40:04,yuta84@example.com,利用規約に同意する,1570701,高橋 充,accept,共同利用者あり,8534688,山崎 知実,,6階
2026-04-05 21:51:15,yosuke57@example.net,利用規約に同意する,1558529,小林 篤司,accept,共同利用者なし,,,6階,
2026-04-05 21:51:49,rfujita@example.net,利用規約に同意する,8418373,山田 裕美子,accept,共同利用者あり,1559251,遠藤 智也,,4階
2026-04-05 22:02:49,shoheishimizu@example.net,利用規約に同意する,8582938,田中 明美,accept,共同利用者なし,,,5階,
2026-04-05 22:08:58,taichi74@example.com,利用規約に同意する,8268494,田中 聡太郎,accept,共同利用者あり,4209359,福田 洋介,,5階
2026-04-05 22:34:13,kazuya41@example.com,利用規約に同意する,1558082,斉藤 裕太,accept,共同利用者なし,,,4階,
2026-04-05 22:34:52,cwatanabe@example.net,利用規約に同意する,4360012,鈴木 浩,accept,共同利用者あり,1533681,伊藤 直樹,,4階
2026-04-05 22:41:00,kanayoshida@example.org,利用規約に同意する,1542917,伊藤 千代,accept,共同利用者あり,8680440,阿部 零,,4階
2026-04-05 23:39:54,mai65@example.org,利用規約に同意する,1504763,佐藤 学,accept,共同利用者なし,,,5階,
2026-04-05 23:48:23,yoichiikeda@example.net,利用規約に同意する,4739110,清水 篤司,accept,共同利用者あり,1536569,斎藤 修平,,5階
2026-04-05 23:54:20,oikeda@example.com,利用規約に同意する,1512415,中村 裕美子,accept,共同利用者なし,,,6階,
2026-04-05 23:55:21,osato@example.net,利用規約に同意する,4562787,岡本 篤司,accept,共同利用者なし,,,3階,
2026-04-05 23:56:25,yoichi49@example.org,利用規約に同意する,8482149,石井 舞,accept,共同利用者あり,4161462,佐々木 知実,,2階
2026-04-05 23:57:01,qgoto@example.org,利用規約に同意する,4449479,佐藤 里佳,accept,共同利用者なし,,,4階,
2026-04-06 00:05:49,htanaka@example.com,利用規約に同意する,4381691,鈴木 康弘,accept,共同利用者なし,,,5階,
2026-04-06 00:16:59,minoruyamazaki@example.org,利用規約に同意する,1526680,松田 充,accept,共同利用者なし,,,5階,
2026-04-06 00:27:26,nakajimakumiko@example.com,利用規約に同意する,4388652,佐藤 英樹,accept,共同利用者あり,4412924,鈴木 浩,,3階
2026-04-06 00:51:23,yui23@example.com,利用規約に同意する,4677832,森 充,accept,共同利用者あり,8280623,福田 花子,,2階
2026-04-06 00:57:27,saitotaro@example.com,利用規約に同意する,4564032,橋本 陽子,accept,共同利用者あり,8454592,松本 浩,,2階
2026-04-06 01:17:54,minorutakahashi@example.net,利用規約に同意する,4134663,林 くみ子,accept,共同利用者なし,,,3階,
2026-04-06 01:48:05,naokokato@example.org,利用規約に同意する,4525203,山本 智也,accept,共同利用者あり,4233119,加藤 亮介,,2階
2026-04-06 01:53:06,hayashiharuka@example.net,利用規約に同意する,4351505,木村 淳,accept,共同利用者なし,,,5階,
2026-04-06 02:14:23,yui23@example.com,利用規約に同意する,4677832,森 充,accept,共同利用者あり,8280623,福田 花子,,3階
2026-04-06 02:28:19,nakajimaminoru@example.org,利用規約に同意する,1539008,清水 里佳,accept,共同利用者なし,,,4階,
2026-04-06 02:49:44,suzukiyasuhiro@example.com,利用規約に同意する,4526406,中島 修平,accept,共同利用者なし,,,4階,
2026-04-06 03:18:41,mai29@example.net,利用規約に同意する,4207144,中村 里佳,accept,共同利用者なし,,,6階,
2026-04-06 03:25:25,sayuriinoue@example.net,利用規約に同意する,4277993,中島 明美,accept,共同利用者なし,,,2階,
2026-04-06 03:25:34,naotosaito@example.com,利用規約に同意する,8157176,佐藤 七夏,accept,共同利用者なし,,,6階,
2026-04-06 03:29:09,yasuhirotakahashi@example.com,利用規約に同意する,4403037,斉藤 修平,accept,共同利用者なし,,,2階,
2026-04-06 03:56:17,xtanaka@example.com,利用規約に同意する,1546913,橋本 結衣,accept,共同利用者なし,,,3階,
2026-04-06 03:56:31,kyosuke94@example.com,利用規約に同意する,8672845,藤田 聡太郎,accept,共同利用者なし,,,6階,
2026-04-06 04:37:19,taro32@example.com,利用規約に同意する,4127152,鈴木 香織,accept,共同利用者なし,,,4階,
2026-04-06 04:42:38,nhayashi@example.com,利用規約に同意する,8661680,池田 春香,accept,共同利用者あり,8202348,松本 裕太,,5階
2026-04-06 05:34:35,vhasegawa@example.org,利用規約に同意する,4218465,福田 くみ子,accept,共同利用者なし,,,3階,
2026-04-06 06:33:36,mikako78@example.net,利用規約に同意する,1524530,木村 翼,accept,共同利用者なし,,,2階,
2026-04-06 06:36:40,hanakokobayashi@example.org,利用規約に同意する,4507180,森 治,accept,共同利用者あり,4172970,橋本 くみ子,,3階
2026-04-06 06:40:53,hanako31@example.net,利用規約に同意する,4472768,池田 充,accept,共同利用者なし,,,2階,
2026-04-06 06:59:56,yasuhiro79@example.net,利用規約に同意する,8441505,斉藤 翼,accept,共同利用者あり,8535972,山田 七夏,,5階
2026-04-06 08:04:51,hnakajima@example.net,利用規約に同意する,4366550,山田 洋介,accept,共同利用者なし,,,6階,
2026-04-06 08:12:55,ssaito@example.net,利用規約に同意する,8225144,田中 太郎,accept,共同利用者なし,,,6階,
2026-04-06 09:22:27,ttakahashi@example.org,利用規約に同意する,1583050,斎藤 千代,accept,共同利用者あり,4501792,小林 裕樹,,4階
2026-04-06 09:27:20,naoki60@example.com,利用規約に同意する,8551996,山口 浩,accept,共同利用者なし,,,2階,
2026-04-06 10:28:50,awatanabe@example.net,利用規約に同意する,1539107,後藤 学,accept,共同利用者なし,,,6階,
2026-04-06 10:40:06,saitosayuri@example.net,利用規約に同意する,8289957,佐藤 花子,accept,共同利用者なし,,,4階,
2026-04-06 10:48:31,asukayamada@example.net,利用規約に同意する,8117601,池田 春香,accept,共同利用者あり,1572534,佐藤 直樹,,4階
2026-04-06 10:49:53,otahiroshi@example.net,利用規約に同意する,4487806,長谷川 零,accept,共同利用者なし,,,3階,
2026-04-06 11:19:36,esakamoto@example.com,利用規約に同意する,1580079,小林 聡太郎,accept,共同利用者なし,,,5階,
2026-04-06 11:30:13,satotomoya@example.com,利用規約に同意する,4454524,福田 幹,accept,共同利用者なし,,,5階,
2026-04-06 11:42:36,kenichisuzuki@example.net,利用規約に同意する,4310208,近藤 太一,accept,共同利用者なし,,,5階,
2026-04-06 12:29:11,kobayashiyoko@example.net,利用規約に同意する,4507026,石井 陽子,accept,共同利用者あり,1572135,藤井 学,,6階
2026-04-06 12:40:37,tsubasamiura@example.net,利用規約に同意する,8500074,西村 裕樹,accept,共同利用者なし,,,3階,
2026-04-06 12:55:32,yosuke57@example.net,利用規約に同意する,1558529,小林 篤司,accept,共同利用者なし,,,5階,
2026-04-06 13:15:53,yamaguchiryosuke@example.net,利用規約に同意する,8290471,村上 裕樹,accept,共同利用者なし,,,4階,
2026-04-06 13:48:40,yamazakitakuma@example.org,利用規約に同意する,1506590,小林 香織,accept,共同利用者なし,,,3階,
2026-04-06 14:48:58,katoasuka@example.net,利用規約に同意する,4176380,太田 裕太,accept,共同利用者なし,,,6階,
2026-04-06 14:57:29,kumikoyoshida@example.org,利用規約に同意する,8436666,池田 陽一,accept,共同利用者なし,,,2階,
2026-04-06 14:59:18,yokoishikawa@example.com,利用規約に同意する,8195804,伊藤 充,accept,共同利用者なし,,,2階,
2026-04-06 15:37:19,akira42@example.org,利用規約に同意する,1581439,佐藤 浩,accept,共同利用者あり,1532077,佐々木 結衣,,5階
2026-04-06 15:43:26,jkobayashi@example.com,利用規約に同意する,1559692,中村 里佳,accept,共同利用者あり,8634522,吉田 舞,,5階
2026-04-06 16:13:13,yamaguchiyasuhiro@example.net,利用規約に同意する,4312119,木村 健一,accept,共同利用者あり,1542233,林 拓真,,3階
2026-04-06 16:40:48,katohideki@example.org,利用規約に同意する,4316315,小林 亮介,accept,共同利用者なし,,,2階,
2026-04-06 16:44:01,tarotakahashi@example.net,利用規約に同意する,4395339,山口 幹,denied,共同利用者なし,,,4階,
2026-04-06 16:51:19,isasaki@example.net,利用規約に同意する,1522772,山口 くみ子,accept,共同利用者あり,1548738,田中 裕美子,,6階
2026-04-06 17:00:35,ikato@example.org,利用規約に同意する,1518344,小林 稔,denied,共同利用者あり,4532953,佐藤 直子,,4階
2026-04-06 17:04:19,suzukikenichi@example.net,利用規約に同意する,1584092,田中 加奈,accept,共同利用者なし,,,3階,
2026-04-06 17:32:11,fsasaki@example.net,利用規約に同意する,8682616,渡辺 美加子,accept,共同利用者なし,,,6階,
2026-04-06 17:50:22,yuinishimura@example.org,利用規約に同意する,4497771,西村 美加子,accept,共同利用者なし,,,5階,
2026-04-06 17:55:00,hiroshisaito@example.net,利用規約に同意する,8192202,渡辺 晃,accept,共同利用者あり,4490017,小川 陽一,,4階
2026-04-06 19:06:11,esakamoto@example.com,利用規約に同意する,1580079,小林 聡太郎,accept,共同利用者なし,,,6階,
2026-04-06 19:34:31,satomi49@example.com,利用規約に同意する,4296045,鈴木 裕太,accept,共同利用者なし,,,2階,
2026-04-06 20:06:29,ctanaka@example.com,利用規約に同意する,8528906,中川 太郎,accept,共同利用者なし,,,5階,
2026-04-06 20:08:16,yumikowatanabe@example.net,利用規約に同意する,1589192,後藤 千代,accept,共同利用者なし,,,2階,
2026-04-06 20:12:26,shohei86@example.net,利用規約に同意する,1547537,佐藤 洋介,accept,共同利用者なし,,,3階,
2026-04-06 20:20:07,bokamoto@example.com,利用規約に同意する,1574798,阿部 知実,accept,共同利用者あり,1532411,田中 結衣,,2階
2026-04-06 20:52:18,akirawatanabe@example.com,利用規約に同意する,4623260,佐藤 春香,accept,共同利用者なし,,,6階,
2026-04-06 21:22:22,nanami18@example.net,利用規約に同意する,1537752,田中 くみ子,accept,共同利用者あり,4319198,佐藤 太一,,2階
2026-04-06 21:35:09,shimizuryosuke@example.com,利用規約に同意する,1538452,鈴木 翼,accept,共同利用者なし,,,2階,
2026-04-06 21:38:47,yosuke95@example.org,利用規約に同意する,8586499,伊藤 翼,accept,共同利用者なし,,,4階,
2026-04-06 22:52:14,naoto01@example.org,利用規約に同意する,1502187,田中 亮介,denied,共同利用者なし,,,2階,
2026-04-06 23:08:35,yutaokada@example.net,利用規約に同意する,4295942,鈴木 陽子,denied,共同利用者なし,,,2階,
2026-04-07 00:10:40,wfujii@example.com,利用規約に同意する,1583579,藤原 美加子,accept,共同利用者あり,8189282,石川 春香,,5階
2026-04-07 00:11:06,nanamimaeda@example.net,利用規約に同意する,4340723,中村 康弘,accept,共同利用者あり,8189220,佐藤 健一,,4階
2026-04-07 00:14:44,yfujii@example.net,利用規約に同意する,8257340,山田 美加子,accept,共同利用者なし,,,2階,
2026-04-07 00:40:00,yamashitananami@example.com,利用規約に同意する,1553788,佐藤 康弘,accept,共同利用者あり,4559898,山田 結衣,,6階
2026-04-07 00:47:01,okadasatomi@example.net,利用規約に同意する,8231584,佐々木 結衣,accept,共同利用者なし,,,5階,
2026-04-07 00:48:23,katoyoichi@example.org,利用規約に同意する,8341688,藤原 充,accept,共同利用者なし,,,5階,
2026-04-07 00:51:04,mai29@example.net,利用規約に同意する,4207144,中村 里佳,accept,共同利用者なし,,,6階,
2026-04-07 00:54:53,nakajimanaoko@example.com,利用規約に同意する,1559251,遠藤 智也,accept,共同利用者なし,,,6階,
2026-04-07 01:01:13,sotaro04@example.org,利用規約に同意する,4457733,松田 零,accept,共同利用者あり,1549672,後藤 浩,,6階
2026-04-07 01:01:51,mikinakamura@example.com,利用規約に同意する,8178240,松田 美加子,accept,共同利用者なし,,,2階,
2026-04-07 01:27:38,kyosuke46@example.org,利用規約に同意する,8586259,加藤 里佳,accept,共同利用者なし,,,2階,
2026-04-07 02:02:10,atsushisaito@example.org,利用規約に同意する,8460931,渡辺 英樹,accept,共同利用者あり,4189167,藤原 花子,,4階
2026-04-07 02:26:25,chiyo94@example.net,利用規約に同意する,4381289,高橋 真綾,accept,共同利用者なし,,,3階,
2026-04-07 02:41:19,watanabejun@example.org,利用規約に同意する,8150134,吉田 真綾,accept,共同利用者なし,,,2階,
2026-04-07 02:57:13,kmatsuda@example.net,利用規約に同意する,1543456,田中 直人,accept,共同利用者なし,,,2階,
2026-04-07 03:14:50,xyamada@example.net,利用規約に同意する,4510308,石井 治,accept,共同利用者なし,,,2階,
2026-04-07 03:45:06,tomoya74@example.com,利用規約に同意する,4441207,山崎 学,accept,共同利用者なし,,,4階,
2026-04-07 04:12:32,hashimotorika@example.com,利用規約に同意する,1539829,清水 舞,accept,共同利用者なし,,,4階,
2026-04-07 04:41:55,yumikosasaki@example.org,利用規約に同意する,8260689,佐藤 裕太,accept,共同利用者なし,,,4階,
2026-04-07 06:19:35,yuta42@example.com,利用規約に同意する,1554053,福田 充,accept,共同利用者なし,,,4階,
2026-04-07 06:19:39,yamamotosatomi@example.net,利用規約に同意する,4400611,伊藤 健一,accept,共同利用者なし,,,5階,
2026-04-07 06:41:52,oshimizu@example.org,利用規約に同意する,8408232,伊藤 あすか,accept,共同利用者なし,,,5階,
2026-04-07 07:17:11,taichiishii@example.org,利用規約に同意する,1511957,佐々木 康弘,accept,共同利用者なし,,,5階,
2026-04-07 07:19:35,satomi49@example.com,利用規約に同意する,4296045,鈴木 裕太,accept,共同利用者なし,,,4階,
2026-04-07 07:41:50,oinoue@example.com,利用規約に同意する,8120517,山本 修平,denied,共同利用者なし,,,5階,
2026-04-07 08:29:59,miki42@example.net,利用規約に同意する,4597290,高橋 七夏,accept,共同利用者あり,1579310,伊藤 陽子,,3階
2026-04-07 08:37:22,akobayashi@example.org,利用規約に同意する,8539535,石川 稔,accept,共同利用者あり,1518344,小林 稔,,3階
2026-04-07 08:57:03,kwatanabe@example.org,利用規約に同意する,8503534,藤井 聡太郎,accept,共同利用者なし,,,3階,
2026-04-07 09:05:37,ftakahashi@example.org,利用規約に同意する,1507019,加藤 拓真,denied,共同利用者なし,,,3階,
2026-04-07 09:14:22,ogawanaoko@example.org,利用規約に同意する,4424957,高橋 桃子,accept,共同利用者あり,8640425,山本 英樹,,4階
2026-04-07 09:39:00,pmiura@example.org,利用規約に同意する,4585323,後藤 陽子,accept,共同利用者なし,,,4階,
2026-04-07 09:41:36,watanabekenichi@example.com,利用規約に同意する,8458991,斎藤 香織,accept,共同利用者あり,8391988,小林 香織,,6階
2026-04-07 09:48:48,kumiko12@example.net,利用規約に同意する,1565323,松本 あすか,accept,共同利用者なし,,,4階,
2026-04-07 09:59:57,cfukuda@example.net,利用規約に同意する,4148896,斉藤 康弘,accept,共同利用者あり,1538654,佐々木 直樹,,4階
2026-04-07 10:04:54,rei50@example.org,利用規約に同意する,4319198,佐藤 太一,accept,共同利用者なし,,,5階,
2026-04-07 10:25:01,nakagawasotaro@example.com,利用規約に同意する,4588083,中村 結衣,accept,共同利用者なし,,,3階,
2026-04-07 10:36:26,kobayashiyumiko@example.com,利用規約に同意する,4558446,鈴木 結衣,accept,共同利用者なし,,,3階,
2026-04-07 11:06:21,yamazakisotaro@example.com,利用規約に同意する,1519168,井上 翼,accept,共同利用者なし,,,2階,
2026-04-07 11:19:00,chiyoota@example.com,利用規約に同意する,4666540,西村 舞,accept,共同利用者なし,,,4階,
2026-04-07 11:32:57,cfukuda@example.net,利用規約に同意する,4148896,斉藤 康弘,accept,共同利用者あり,1538654,佐々木 直樹,,4階
2026-04-07 11:35:23,atsushisaito@example.org,利用規約に同意する,8460931,渡辺 英樹,accept,共同利用者あり,1540539,鈴木 直人,,3階
2026-04-07 11:51:02,yoshidamomoko@example.com,利用規約に同意する,8484972,木村 花子,accept,共同利用者なし,,,2階,
2026-04-07 12:59:04,ikobayashi@example.net,利用規約に同意する,2429816,山崎 零,accept,共同利用者なし,,,5階,
2026-04-07 13:32:22,osato@example.org,利用規約に同意する,8114663,山田 裕美子,accept,共同利用者なし,,,3階,
2026-04-07 13:53:57,suzukimai@example.net,利用規約に同意する,8313154,三浦 春香,accept,共同利用者なし,,,6階,
2026-04-07 14:09:24,maayasuzuki@example.org,利用規約に同意する,1531891,木村 淳,accept,共同利用者あり,8205130,近藤 桃子,,6階
2026-04-07 14:21:03,tomoyanakajima@example.com,利用規約に同意する,8615012,長谷川 太郎,denied,共同利用者なし,,,3階,
2026-04-07 14:22:22,gokamoto@example.org,利用規約に同意する,4561186,藤原 洋介,accept,共同利用者なし,,,4階,
2026-04-07 15:10:53,momokoogawa@example.net,利用規約に同意する,1599663,斎藤 涼平,accept,共同利用者なし,,,2階,
2026-04-07 15:38:16,takahashiakemi@example.net,利用規約に同意する,1554377,伊藤 洋介,accept,共同利用者なし,,,5階,
2026-04-07 15:53:13,rika62@example.com,利用規約に同意する,8527884,鈴木 香織,denied,共同利用者なし,,,6階,
2026-04-07 16:18:17,ryosukesato@example.net,利用規約に同意する,8517842,中川 直人,accept,共同利用者なし,,,5階,
2026-04-07 16:23:17,takuma74@example.org,利用規約に同意する,4445706,山口 翔太,accept,共同利用者あり,8537345,斉藤 香織,,4階
2026-04-07 17:34:58,yamamotokenichi@example.org,利用規約に同意する,8186765,佐々木 陽一,accept,共同利用者なし,,,6階,
2026-04-07 17:51:31,okamotoyui@example.com,利用規約に同意する,4497426,中村 拓真,accept,共同利用者あり,1509835,高橋 千代,,2階
2026-04-07 17:54:15,yui25@example.com,利用規約に同意する,1512026,太田 涼平,accept,共同利用者あり,8621511,岡本 舞,,2階
2026-04-07 17:54:17,takuma74@example.org,利用規約に同意する,4445706,山口 翔太,accept,共同利用者あり,8537345,斉藤 香織,,6階
2026-04-07 19:28:14,naokimaeda@example.com,利用規約に同意する,4141704,山口 裕樹,accept,共同利用者なし,,,2階,
2026-04-07 19:41:41,katoshota@example.net,利用規約に同意する,4684108,斎藤 七夏,accept,共同利用者なし,,,4階,
2026-04-07 20:10:07,rei84@example.net,利用規約に同意する,1548589,山本 健一,accept,共同利用者あり,4684108,斎藤 七夏,,2階
2026-04-07 20:23:55,fukudarei@example.com,利用規約に同意する,4607100,藤原 英樹,accept,共同利用者あり,3072102,山口 聡太郎,,4階
2026-04-07 21:12:56,minoruikeda@example.org,利用規約に同意する,4652727,佐藤 さゆり,accept,共同利用者なし,,,5階,
2026-04-07 21:17:08,hideki23@example.com,利用規約に同意する,1572733,岡田 太郎,accept,共同利用者なし,,,5階,
2026-04-07 21:26:59,hanakokobayashi@example.org,利用規約に同意する,4507180,森 治,accept,共同利用者なし,,,2階,
2026-04-07 21:30:02,naokoyamamoto@example.com,利用規約に同意する,1508992,田中 洋介,accept,共同利用者あり,1536129,中村 明美,,6階
2026-04-07 22:03:43,satonaoto@example.net,利用規約に同意する,2313474,中川 舞,accept,共同利用者なし,,,5階,
2026-04-07 22:19:43,satonaoto@example.net,利用規約に同意する,2313474,中川 舞,accept,共同利用者なし,,,6階,
2026-04-07 22:39:32,shoheimatsumoto@example.org,利用規約に同意する,4323627,遠藤 知実,accept,共同利用者あり,8612675,吉田 くみ子,,3階
2026-04-07 23:03:04,cyamamoto@example.com,利用規約に同意する,1572465,田中 加奈,accept,共同利用者なし,,,5階,
2026-04-07 23:11:34,yumikosasaki@example.org,利用規約に同意する,8260689,佐藤 裕太,accept,共同利用者なし,,,5階,
2026-04-07 23:17:55,maisuzuki@example.com,利用規約に同意する,1574720,佐々木 陽一,accept,共同利用者なし,,,6階,
2026-04-08 00:30:00,asuka17@example.net,利用規約に同意する,4415220,鈴木 明美,accept,共同利用者あり,1509789,佐々木 美加子,,4階
2026-04-08 00:37:35,mikeda@example.com,利用規約に同意する,2567499,遠藤 裕樹,accept,共同利用者なし,,,3階,
2026-04-08 00:41:55,vsato@example.org,利用規約に同意する,8252923,佐藤 明美,accept,共同利用者なし,,,4階,
2026-04-08 00:48:36,yamamotomiki@example.com,利用規約に同意する,1507441,鈴木 裕美子,accept,共同利用者なし,,,4階,
2026-04-08 00:54:47,miki37@example.net,利用規約に同意する,8630161,佐藤 淳,accept,共同利用者あり,4473005,斎藤 洋介,,3階
2026-04-08 00:57:29,takahashisatomi@example.org,利用規約に同意する,8247516,山下 康弘,denied,共同利用者なし,,,5階,
2026-04-08 01:16:03,ryosuke63@example.net,利用規約に同意する,8644245,山口 結衣,accept,共同利用者なし,,,2階,
2026-04-08 01:16:22,kobayashiyumiko@example.net,利用規約に同意する,4691677,山田 淳,accept,共同利用者あり,8644245,山口 結衣,,2階
2026-04-08 01:31:09,wnakamura@example.com,利用規約に同意する,4592459,松田 花子,accept,共同利用者なし,,,5階,
2026-04-08 02:00:39,mituru29@example.net,利用規約に同意する,8207455,佐々木 舞,accept,共同利用者なし,,,4階,
2026-04-08 02:10:26,dsasaki@example.org,利用規約に同意する,1577814,藤原 明美,accept,共同利用者なし,,,2階,
2026-04-08 02:53:05,jun63@example.org,利用規約に同意する,1546898,中村 拓真,accept,共同利用者なし,,,5階,
2026-04-08 03:41:26,satonanami@example.net,利用規約に同意する,1566784,林 里佳,accept,共同利用者なし,,,6階,
2026-04-08 04:26:43,hideki24@example.com,利用規約に同意する,8716074,坂本 太一,accept,共同利用者なし,,,3階,
2026-04-08 04:34:08,katoshota@example.net,利用規約に同意する,4470545,三浦 聡太郎,accept,共同利用者なし,,,3階,
2026-04-08 05:23:32,xwatanabe@example.com,利用規約に同意する,4337409,伊藤 くみ子,accept,共同利用者なし,,,5階,
2026-04-08 05:51:17,tsaito@example.net,利用規約に同意する,8411919,渡辺 舞,accept,共同利用者なし,,,5階,
2026-04-08 06:21:06,suzukishohei@example.com,利用規約に同意する,1558554,森 英樹,accept,共同利用者なし,,,2階,
2026-04-08 06:29:00,yuta42@example.com,利用規約に同意する,1554053,福田 充,accept,共同利用者なし,,,2階,
2026-04-08 06:33:04,cito@example.net,利用規約に同意する,8348174,佐藤 和也,accept,共同利用者なし,,,2階,
2026-04-08 06:51:40,nanamimaeda@example.net,利用規約に同意する,4340723,中村 康弘,accept,共同利用者あり,1514089,石井 加奈,,5階
2026-04-08 06:56:19,tomoyanakajima@example.com,利用規約に同意する,8615012,長谷川 太郎,accept,共同利用者なし,,,3階,
2026-04-08 07:23:14,mituruhayashi@example.com,利用規約に同意する,8545156,鈴木 陽子,accept,共同利用者なし,,,2階,
2026-04-08 07:27:41,maaya91@example.com,利用規約に同意する,4229536,後藤 直子,accept,共同利用者なし,,,3階,
2026-04-08 07:39:17,usato@example.com,利用規約に同意する,4689016,斉藤 知実,accept,共同利用者あり,4387835,近藤 陽子,,6階
2026-04-08 07:50:19,suzukiyasuhiro@example.com,利用規約に同意する,4526406,中島 修平,accept,共同利用者なし,,,6階,
2026-04-08 08:06:47,yoichi63@example.net,利用規約に同意する,1543064,鈴木 智也,accept,共同利用者あり,4315726,松本 花子,,2階
2026-04-08 08:20:47,kazuyanakamura@example.com,利用規約に同意する,4537576,山口 幹,accept,共同利用者なし,,,3階,
2026-04-08 08:32:10,yutayoshida@example.net,利用規約に同意する,4188452,前田 桃子,accept,共同利用者なし,,,5階,
2026-04-08 08:39:42,shota70@example.org,利用規約に同意する,4251505,西村 知実,accept,共同利用者なし,,,3階,
2026-04-08 08:42:47,rmurakami@example.com,利用規約に同意する,4130008,佐々木 修平,accept,共同利用者なし,,,4階,
2026-04-08 09:16:51,xwatanabe@example.com,利用規約に同意する,4337409,伊藤 くみ子,accept,共同利用者なし,,,4階,
2026-04-08 09:26:28,gnakajima@example.com,利用規約に同意する,8680440,阿部 零,accept,共同利用者なし,,,5階,
2026-04-08 09:28:07,jun12@example.net,利用規約に同意する,1540888,小林 洋介,accept,共同利用者あり,1577182,松本 和也,,2階
2026-04-08 10:32:46,satomitanaka@example.com,利用規約に同意する,8307936,渡辺 春香,accept,共同利用者なし,,,4階,
2026-04-08 10:34:41,kaorisasaki@example.net,利用規約に同意する,4389952,山下 直子,accept,共同利用者あり,4400611,伊藤 健一,,4階
2026-04-08 10:55:33,uokada@example.com,利用規約に同意する,4129939,山本 裕美子,accept,共同利用者なし,,,2階,
2026-04-08 11:24:41,kaorisasaki@example.net,利用規約に同意する,4389952,山下 直子,accept,共同利用者あり,4400611,伊藤 健一,,5階
2026-04-08 11:48:57,naoko69@example.net,利用規約に同意する,1518367,吉田 亮介,denied,共同利用者あり,1538654,佐々木 直樹,,6階
2026-04-08 12:18:26,osamu21@example.com,利用規約に同意する,8282323,田中 舞,accept,共同利用者あり,8531365,木村 裕美子,,3階
2026-04-08 12:46:15,miki37@example.net,利用規約に同意する,8630161,佐藤 淳,accept,共同利用者なし,,,4階,
2026-04-08 13:09:35,saitomai@example.org,利用規約に同意する,8109602,山本 太郎,accept,共同利用者なし,,,2階,
2026-04-08 13:49:00,suzukishohei@example.com,利用規約に同意する,1558554,森 英樹,accept,共同利用者あり,4572264,佐々木 康弘,,6階
2026-04-08 14:10:56,akira42@example.org,利用規約に同意する,1581439,佐藤 浩,accept,共同利用者なし,,,3階,
2026-04-08 14:26:14,shota41@example.org,利用規約に同意する,4204541,田中 明美,accept,共同利用者なし,,,5階,
2026-04-08 14:27:39,shimizumomoko@example.com,利用規約に同意する,1545193,中島 裕美子,accept,共同利用者なし,,,5階,
2026-04-08 14:34:29,fukudayasuhiro@example.com,利用規約に同意する,1508094,藤田 明美,accept,共同利用者なし,,,3階,
2026-04-08 15:14:38,naoki66@example.org,利用規約に同意する,8274277,山口 真綾,accept,共同利用者なし,,,3階,
2026-04-08 15:26:42,fukudatakuma@example.net,利用規約に同意する,4114662,佐藤 零,accept,共同利用者なし,,,4階,
2026-04-08 15:47:37,sayurisasaki@example.net,利用規約に同意する,8552055,鈴木 明美,accept,共同利用者なし,,,4階,
2026-04-08 16:23:00,mituruhayashi@example.com,利用規約に同意する,8397912,佐藤 英樹,accept,共同利用者あり,1538452,鈴木 翼,,5階
2026-04-08 16:53:19,naokoyamaguchi@example.org,利用規約に同意する,8296948,林 涼平,accept,共同利用者あり,1511359,前田 直子,,6階
2026-04-08 17:13:45,ssato@example.net,利用規約に同意する,1509789,佐々木 美加子,accept,共同利用者あり,1546913,橋本 結衣,,5階
2026-04-08 17:41:04,fsuzuki@example.org,利用規約に同意する,4394972,山下 裕樹,accept,共同利用者なし,,,6階,
2026-04-08 18:32:25,wsaito@example.net,利用規約に同意する,1583442,岡田 涼平,accept,共同利用者あり,4317884,近藤 桃子,,4階
2026-04-08 18:55:34,gnakamura@example.com,利用規約に同意する,8640425,山本 英樹,accept,共同利用者あり,8484972,木村 花子,,5階
2026-04-08 19:51:29,mituruokamoto@example.com,利用規約に同意する,8522149,斉藤 千代,accept,共同利用者あり,4552196,近藤 晃,,3階
2026-04-08 19:55:41,yamashitachiyo@example.net,利用規約に同意する,4608200,高橋 桃子,accept,共同利用者なし,,,6階,
2026-04-08 20:23:47,momoko48@example.org,利用規約に同意する,4367251,小林 翼,accept,共同利用者あり,1533386,阿部 陽一,,5階
2026-04-08 21:08:48,watanabemiki@example.org,利用規約に同意する,1576638,橋本 くみ子,accept,共同利用者あり,4490017,小川 陽一,,2階
2026-04-08 21:11:13,satomi09@example.org,利用規約に同意する,1550703,山口 浩,accept,共同利用者なし,,,2階,
2026-04-08 21:26:36,tsubasa25@example.org,利用規約に同意する,3049319,山田 亮介,accept,共同利用者なし,,,4階,
2026-04-08 21:27:07,satoyasuhiro@example.org,利用規約に同意する,1585426,鈴木 さゆり,accept,共同利用者なし,,,5階,
2026-04-08 21:29:44,matsumotonaoki@example.com,利用規約に同意する,8914150,青木 稔,accept,共同利用者あり,1539932,佐藤 亮介,,2階
2026-04-08 21:37:55,yoko45@example.org,利用規約に同意する,4250164,長谷川 稔,accept,共同利用者あり,4476556,山田 桃子,,4階
2026-04-08 21:43:30,ikato@example.org,利用規約に同意する,4269993,佐藤 陽一,accept,共同利用者なし,,,2階,
2026-04-08 21:49:58,yuitanaka@example.com,利用規約に同意する,1567045,松本 春香,accept,共同利用者なし,,,6階,
2026-04-08 22:07:20,hiroshisuzuki@example.com,利用規約に同意する,1521299,山崎 明美,accept,共同利用者なし,,,6階,
2026-04-08 22:12:01,takahashinaoki@example.net,利用規約に同意する,1517367,長谷川 太一,accept,共同利用者なし,,,4階,
2026-04-08 22:34:25,osamunakajima@example.org,利用規約に同意する,1500895,小林 和也,accept,共同利用者なし,,,3階,
2026-04-08 22:41:17,htanaka@example.com,利用規約に同意する,4381691,鈴木 康弘,accept,共同利用者なし,,,6階,
2026-04-08 23:11:12,osamutanaka@example.net,利用規約に同意する,8588470,山田 智也,accept,共同利用者あり,1539829,清水 舞,,6階
2026-04-08 23:28:32,wnakamura@example.com,利用規約に同意する,4592459,松田 花子,accept,共同利用者あり,2208981,木村 舞,,6階
2026-04-09 00:00:40,akemitanaka@example.org,利用規約に同意する,1533386,阿部 陽一,accept,共同利用者あり,8289091,田中 明美,,6階
2026-04-09 00:22:11,shimizutomoya@example.org,利用規約に同意する,8311164,太田 修平,accept,共同利用者なし,,,3階,
2026-04-09 00:23:15,taro54@example.org,利用規約に同意する,8649674,岡田 七夏,accept,共同利用者あり,4351266,福田 裕樹,,3階
2026-04-09 00:54:22,mituruokamoto@example.com,利用規約に同意する,8522149,斉藤 千代,accept,共同利用者なし,,,4階,
2026-04-09 00:56:45,naokitanaka@example.org,利用規約に同意する,8107944,伊藤 陽子,accept,共同利用者あり,4611128,中村 洋介,,4階
2026-04-09 01:00:02,momokoyamamoto@example.net,利用規約に同意する,4114208,中島 充,accept,共同利用者あり,4504244,中村 花子,,2階
2026-04-09 01:07:17,yuki60@example.net,利用規約に同意する,8410084,中島 亮介,accept,共同利用者あり,4681070,村上 充,,4階
2026-04-09 01:49:29,taoki@example.com,利用規約に同意する,8471611,高橋 英樹,accept,共同利用者なし,,,3階,
2026-04-09 01:52:14,kyosukeito@example.com,利用規約に同意する,8316750,伊藤 康弘,accept,共同利用者なし,,,6階,
2026-04-09 01:55:54,hidekiishikawa@example.org,利用規約に同意する,1551747,斉藤 桃子,accept,共同利用者あり,8662739,前田 洋介,,6階
2026-04-09 02:04:14,takuma74@example.net,利用規約に同意する,8826111,池田 拓真,accept,共同利用者なし,,,3階,
2026-04-09 02:15:27,gyamashita@example.com,利用規約に同意する,4372340,中島 明美,accept,共同利用者なし,,,3階,
2026-04-09 02:19:06,chiyosuzuki@example.com,利用規約に同意する,8176326,渡辺 香織,accept,共同利用者なし,,,4階,
2026-04-09 02:44:43,xsasaki@example.com,利用規約に同意する,4552196,近藤 晃,accept,共同利用者あり,4502050,高橋 英樹,,2階
2026-04-09 03:03:38,matsumotonaoki@example.com,利用規約に同意する,8914150,青木 稔,accept,共同利用者なし,,,4階,
2026-04-09 03:23:39,ssaito@example.net,利用規約に同意する,8225144,田中 太郎,accept,共同利用者なし,,,5階,
2026-04-09 03:25:35,yamaguchirei@example.net,利用規約に同意する,1508834,山田 浩,accept,共同利用者あり,4197370,森 結衣,,2階
2026-04-09 03:26:42,yosuke49@example.net,利用規約に同意する,8694297,加藤 稔,accept,共同利用者あり,8455448,高橋 涼平,,3階
2026-04-09 03:33:22,hiroshisuzuki@example.com,利用規約に同意する,1521299,山崎 明美,accept,共同利用者なし,,,4階,
2026-04-09 04:30:46,yoko45@example.org,利用規約に同意する,4250164,長谷川 稔,accept,共同利用者なし,,,4階,
2026-04-09 04:32:34,taichinakamura@example.net,利用規約に同意する,1535112,中川 充,accept,共同利用者なし,,,2階,
2026-04-09 05:08:42,qota@example.org,利用規約に同意する,8489065,松本 陽子,accept,共同利用者あり,8568493,山口 幹,,2階
2026-04-09 05:34:15,mgoto@example.org,利用規約に同意する,4419671,吉田 充,accept,共同利用者あり,4381289,高橋 真綾,,5階
2026-04-09 05:57:38,shoheimatsumoto@example.org,利用規約に同意する,4323627,遠藤 知実,accept,共同利用者なし,,,5階,
2026-04-09 06:28:49,wkato@example.net,利用規約に同意する,1510011,山田 篤司,accept,共同利用者なし,,,5階,
2026-04-09 06:53:19,xtanaka@example.org,利用規約に同意する,1598624,佐藤 学,accept,共同利用者なし,,,4階,
2026-04-09 06:58:06,minoru06@example.com,利用規約に同意する,1553845,中川 舞,accept,共同利用者なし,,,5階,
2026-04-09 07:20:47,mhayashi@example.org,利用規約に同意する,4663499,藤原 結衣,accept,共同利用者なし,,,2階,
2026-04-09 07:43:47,shota70@example.org,利用規約に同意する,4251505,西村 知実,accept,共同利用者なし,,,5階,
2026-04-09 07:45:09,ryohei20@example.com,利用規約に同意する,8267984,高橋 陽子,denied,共同利用者なし,,,3階,
2026-04-09 07:52:05,ntakahashi@example.net,利用規約に同意する,1569758,林 明美,accept,共同利用者あり,4421922,渡辺 直人,,4階
2026-04-09 07:56:36,kenichimaeda@example.com,利用規約に同意する,8290349,山口 くみ子,accept,共同利用者なし,,,5階,
2026-04-09 08:10:34,osamu30@example.org,利用規約に同意する,1523703,斉藤 香織,accept,共同利用者なし,,,4階,
2026-04-09 08:18:19,shimizuryosuke@example.com,利用規約に同意する,1538452,鈴木 翼,accept,共同利用者なし,,,3階,
2026-04-09 08:37:24,chiyo24@example.org,利用規約に同意する,8209807,山口 春香,accept,共同利用者あり,4670373,坂本 学,,4階
2026-04-09 08:55:24,chiyo24@example.org,利用規約に同意する,8209807,山口 春香,accept,共同利用者あり,4670373,坂本 学,,5階
2026-04-09 09:33:49,taichi10@example.net,利用規約に同意する,8621511,岡本 舞,accept,共同利用者あり,8611221,藤原 洋介,,2階
2026-04-09 10:19:38,wtanaka@example.org,利用規約に同意する,4185798,佐藤 聡太郎,accept,共同利用者なし,,,5階,
2026-04-09 10:25:08,mikakonakamura@example.com,利用規約に同意する,8544252,山本 陽一,denied,共同利用者あり,1502187,田中 亮介,,5階
2026-04-09 11:28:05,katoyasuhiro@example.com,利用規約に同意する,4421922,渡辺 直人,accept,共同利用者なし,,,3階,
2026-04-09 11:30:34,satomi49@example.com,利用規約に同意する,4296045,鈴木 裕太,accept,共同利用者なし,,,3階,
2026-04-09 12:20:41,suzukihanako@example.net,利用規約に同意する,1540779,佐藤 くみ子,accept,共同利用者あり,1528668,渡辺 くみ子,,5階
2026-04-09 12:50:20,hayashikenichi@example.com,利用規約に同意する,8143065,加藤 舞,accept,共同利用者あり,1569226,小林 里佳,,5階
2026-04-09 13:06:59,sasakiyumiko@example.com,利用規約に同意する,8499828,木村 充,accept,共同利用者なし,,,3階,
2026-04-09 13:07:23,usasaki@example.net,利用規約に同意する,1537498,坂本 裕美子,accept,共同利用者なし,,,2階,
2026-04-09 13:59:03,ssaito@example.net,利用規約に同意する,8225144,田中 太郎,accept,共同利用者なし,,,2階,
2026-04-09 14:04:01,yokoishikawa@example.com,利用規約に同意する,8195804,伊藤 充,accept,共同利用者あり,4655576,小林 亮介,,2階
2026-04-09 14:08:04,naoto70@example.com,利用規約に同意する,8481973,前田 聡太郎,accept,共同利用者なし,,,5階,
2026-04-09 14:13:14,mgoto@example.org,利用規約に同意する,4419671,吉田 充,accept,共同利用者なし,,,5階,
2026-04-09 15:01:21,tinoue@example.net,利用規約に同意する,4260249,田中 太一,denied,共同利用者あり,8396744,山崎 美加子,,4階
2026-04-09 15:59:35,asakamoto@example.net,利用規約に同意する,1511813,斎藤 晃,accept,共同利用者あり,1530490,中川 聡太郎,,2階
2026-04-09 16:17:35,mgoto@example.org,利用規約に同意する,4419671,吉田 充,accept,共同利用者なし,,,5階,
2026-04-09 16:26:45,mai17@example.org,利用規約に同意する,8315058,青木 さゆり,accept,共同利用者あり,4546437,岡本 浩,,3階
2026-04-09 16:35:59,tomoyamatsuda@example.org,利用規約に同意する,4452383,鈴木 美加子,accept,共同利用者なし,,,3階,
2026-04-09 16:37:14,kumiko28@example.net,利用規約に同意する,4290023,小林 舞,accept,共同利用者あり,4385929,山本 太郎,,3階
2026-04-09 16:53:38,wogawa@example.org,利用規約に同意する,8662739,前田 洋介,accept,共同利用者あり,8959974,森 学,,2階
2026-04-09 16:58:55,yamaguchiryosuke@example.net,利用規約に同意する,8290471,村上 裕樹,accept,共同利用者なし,,,6階,
2026-04-09 17:17:05,tsubasaokamoto@example.com,利用規約に同意する,4467300,中島 加奈,accept,共同利用者あり,8494510,福田 和也,,3階
2026-04-09 17:24:56,kimurajun@example.net,利用規約に同意する,4431946,藤原 七夏,accept,共同利用者なし,,,5階,
2026-04-09 17:39:45,mai17@example.org,利用規約に同意する,8315058,青木 さゆり,accept,共同利用者あり,4546437,岡本 浩,,6階
2026-04-09 18:20:07,ryoheiokamoto@example.org,利用規約に同意する,8654827,石川 淳,accept,共同利用者あり,4929603,渡辺 香織,,5階
2026-04-09 18:32:20,yamaguchirei@example.net,利用規約に同意する,1508834,山田 浩,accept,共同利用者なし,,,4階,
2026-04-09 19:39:44,minoru75@example.org,利用規約に同意する,8481351,加藤 七夏,accept,共同利用者なし,,,4階,
2026-04-09 19:53:31,kobayashimaaya@example.net,利用規約に同意する,2704159,岡本 花子,accept,共同利用者なし,,,3階,
2026-04-09 20:12:19,hanako79@example.com,利用規約に同意する,4368551,清水 陽子,accept,共同利用者あり,4419848,佐藤 加奈,,5階
2026-04-09 21:26:57,tsubasakobayashi@example.com,利用規約に同意する,8454592,松本 浩,accept,共同利用者なし,,,4階,
2026-04-09 22:12:20,momokosato@example.com,利用規約に同意する,1524662,松本 美加子,accept,共同利用者あり,4340001,斎藤 美加子,,3階
2026-04-09 22:13:29,isasaki@example.net,利用規約に同意する,1522772,山口 くみ子,accept,共同利用者なし,,,3階,
2026-04-09 22:27:37,yutakato@example.com,利用規約に同意する,4352743,山下 陽子,accept,共同利用者あり,4259598,加藤 英樹,,2階
2026-04-09 23:09:05,nakagawarika@example.com,利用規約に同意する,1534675,小川 淳,accept,共同利用者なし,,,2階,
2026-04-09 23:37:42,kkondo@example.com,利用規約に同意する,4138462,鈴木 淳,accept,共同利用者なし,,,5階,
2026-04-09 23:47:08,gkimura@example.com,利用規約に同意する,1543910,三浦 美加子,accept,共同利用者なし,,,2階,
2026-04-09 23:49:14,watanabetakuma@example.net,利用規約に同意する,1579822,佐々木 太郎,accept,共同利用者なし,,,2階,
2026-04-10 00:14:15,yukisuzuki@example.org,利用規約に同意する,1522946,藤原 真綾,denied,共同利用者なし,,,6階,
2026-04-10 00:28:05,hideki49@example.com,利用規約に同意する,4618191,山本 結衣,accept,共同利用者なし,,,5階,
2026-04-10 01:21:32,kenichiito@example.com,利用規約に同意する,1517275,高橋 涼平,accept,共同利用者なし,,,5階,
2026-04-10 01:22:21,yuta97@example.com,利用規約に同意する,4473005,斎藤 洋介,accept,共同利用者なし,,,6階,
2026-04-10 01:27:12,ymatsumoto@example.org,利用規約に同意する,1519887,長谷川 京助,accept,共同利用者なし,,,6階,
2026-04-10 01:45:59,wsaito@example.net,利用規約に同意する,1583442,岡田 涼平,accept,共同利用者なし,,,2階,
2026-04-10 01:55:59,kazuyayamamoto@example.net,利用規約に同意する,4110494,高橋 香織,accept,共同利用者なし,,,2階,
2026-04-10 02:16:53,ymatsumoto@example.org,利用規約に同意する,1519887,長谷川 京助,accept,共同利用者なし,,,3階,
2026-04-10 02:35:36,takahashitaro@example.org,利用規約に同意する,2933801,小林 充,accept,共同利用者なし,,,5階,
2026-04-10 02:40:11,bsato@example.org,利用規約に同意する,1532411,田中 結衣,accept,共同利用者なし,,,5階,
2026-04-10 02:55:55,asakamoto@example.net,利用規約に同意する,1511813,斎藤 晃,accept,共同利用者なし,,,3階,
2026-04-10 03:13:38,sayuriinoue@example.net,利用規約に同意する,4277993,中島 明美,accept,共同利用者なし,,,4階,
2026-04-10 03:47:47,uogawa@example.org,利用規約に同意する,4130539,藤田 拓真,accept,共同利用者なし,,,3階,
2026-04-10 03:48:17,nota@example.com,利用規約に同意する,1575534,井上 七夏,accept,共同利用者あり,1507441,鈴木 裕美子,,6階
2026-04-10 04:04:59,yamamotoyosuke@example.org,利用規約に同意する,4243642,後藤 英樹,accept,共同利用者なし,,,2階,
2026-04-10 04:15:47,rikaishii@example.org,利用規約に同意する,4348760,渡辺 洋介,accept,共同利用者なし,,,3階,
2026-04-10 04:19:59,yamamotoyosuke@example.org,利用規約に同意する,4243642,後藤 英樹,accept,共同利用者なし,,,3階,
2026-04-10 04:35:46,kaori69@example.com,利用規約に同意する,8137364,山崎 学,accept,共同利用者なし,,,4階,
2026-04-10 04:43:53,junmatsumoto@example.net,利用規約に同意する,8561712,吉田 翔太,accept,共同利用者なし,,,2階,
2026-04-10 04:48:31,tsubasa75@example.net,利用規約に同意する,1554239,鈴木 稔,accept,共同利用者なし,,,4階,
2026-04-10 05:00:35,mikiishii@example.net,利用規約に同意する,8384012,渡辺 聡太郎,accept,共同利用者なし,,,5階,
2026-04-10 06:10:34,kobayashiyosuke@example.org,利用規約に同意する,1540768,福田 くみ子,accept,共同利用者なし,,,5階,
2026-04-10 06:12:50,kazuya65@example.org,利用規約に同意する,4351266,福田 裕樹,accept,共同利用者あり,4372684,橋本 篤司,,6階
2026-04-10 06:13:53,qokamoto@example.net,利用規約に同意する,1524901,佐々木 知実,accept,共同利用者なし,,,2階,
2026-04-10 06:16:00,hiroshiito@example.com,利用規約に同意する,4193525,伊藤 さゆり,accept,共同利用者なし,,,4階,
2026-04-10 06:35:46,fujitayui@example.com,利用規約に同意する,8313624,岡田 和也,accept,共同利用者なし,,,4階,
2026-04-10 06:53:59,nanamiwatanabe@example.net,利用規約に同意する,4679395,佐藤 聡太郎,accept,共同利用者あり,1555057,鈴木 幹,,2階
2026-04-10 06:59:25,tomoya89@example.org,利用規約に同意する,4610358,山田 幹,accept,共同利用者なし,,,2階,
2026-04-10 07:01:50,ishikawamanabu@example.com,利用規約に同意する,1549140,渡辺 七夏,accept,共同利用者なし,,,6階,
2026-04-10 07:24:08,kanatakahashi@example.org,利用規約に同意する,4196467,高橋 香織,accept,共同利用者なし,,,2階,
2026-04-10 08:04:56,osamu05@example.net,利用規約に同意する,4664451,田中 稔,accept,共同利用者なし,,,3階,
2026-04-10 08:07:46,aokiharuka@example.com,利用規約に同意する,1575631,佐藤 美加子,denied,共同利用者なし,,,3階,
2026-04-10 08:28:22,suzukiyuta@example.net,利用規約に同意する,1558947,吉田 裕美子,accept,共同利用者なし,,,2階,
2026-04-10 08:32:52,watanabehiroshi@example.org,利用規約に同意する,4501792,小林 裕樹,accept,共同利用者あり,1569002,高橋 翼,,5階
2026-04-10 09:17:55,kenichiito@example.com,利用規約に同意する,1517275,高橋 涼平,accept,共同利用者なし,,,2階,
2026-04-10 09:42:43,kmatsuda@example.net,利用規約に同意する,1543456,田中 直人,accept,共同利用者なし,,,3階,
2026-04-10 09:53:43,kmatsuda@example.net,利用規約に同意する,1543456,田中 直人,accept,共同利用者なし,,,4階,
2026-04-10 10:02:43,hanakosasaki@example.net,利用規約に同意する,1598021,吉田 結衣,accept,共同利用者なし,,,2階,
2026-04-10 10:31:14,shotagoto@example.org,利用規約に同意する,8531365,木村 裕美子,accept,共同利用者あり,8500074,西村 裕樹,,3階
2026-04-10 11:13:57,kenichiinoue@example.com,利用規約に同意する,4296005,村上 翼,accept,共同利用者あり,4264843,木村 英樹,,2階
2026-04-10 11:22:00,osamunakajima@example.org,利用規約に同意する,1500895,小林 和也,accept,共同利用者なし,,,2階,
2026-04-10 11:33:54,asukanakamura@example.com,利用規約に同意する,4334283,加藤 修平,accept,共同利用者なし,,,2階,
2026-04-10 11:36:26,fujiwaramiki@example.org,利用規約に同意する,2603248,渡辺 裕太,accept,共同利用者なし,,,5階,
2026-04-10 11:42:27,rsasaki@example.com,利用規約に同意する,4293468,木村 裕美子,accept,共同利用者あり,2933801,小林 充,,5階
2026-04-10 11:59:07,eyoshida@example.com,利用規約に同意する,4443874,吉田 直子,accept,共同利用者あり,4261141,木村 里佳,,3階
2026-04-10 12:12:04,psato@example.com,利用規約に同意する,2772309,佐藤 里佳,accept,共同利用者なし,,,5階,
2026-04-10 12:55:29,sayuriyamamoto@example.com,利用規約に同意する,4290408,橋本 浩,accept,共同利用者なし,,,3階,
2026-04-10 13:15:36,rikaito@example.com,利用規約に同意する,1501220,岡本 直樹,accept,共同利用者あり,8245353,青木 知実,,6階
2026-04-10 14:06:09,tinoue@example.net,利用規約に同意する,4260249,田中 太一,accept,共同利用者あり,8527884,鈴木 香織,,2階
2026-04-10 14:08:29,kondoyuki@example.net,利用規約に同意する,8337923,渡辺 淳,accept,共同利用者あり,8499828,木村 充,,4階
2026-04-10 14:20:07,tanakamaaya@example.com,利用規約に同意する,1532441,鈴木 里佳,denied,共同利用者なし,,,5階,
2026-04-10 14:22:09,mituruhayashi@example.com,利用規約に同意する,8545156,鈴木 陽子,accept,共同利用者なし,,,4階,
2026-04-10 14:34:30,qinoue@example.org,利用規約に同意する,1586673,青木 結衣,accept,共同利用者なし,,,6階,
2026-04-10 14:45:29,kondoyuki@example.net,利用規約に同意する,8337923,渡辺 淳,accept,共同利用者あり,8499828,木村 充,,5階
2026-04-10 15:17:44,hanako31@example.net,利用規約に同意する,4472768,池田 充,accept,共同利用者あり,4539834,後藤 浩,,6階
2026-04-10 15:32:01,naotosaito@example.com,利用規約に同意する,8157176,佐藤 七夏,accept,共同利用者なし,,,5階,
2026-04-10 15:39:27,takahashiakemi@example.net,利用規約に同意する,1554377,伊藤 洋介,accept,共同利用者なし,,,5階,
2026-04-10 15:44:46,atsushiota@example.org,利用規約に同意する,8491861,近藤 晃,accept,共同利用者なし,,,2階,
2026-04-10 16:33:44,ishikawatsubasa@example.net,利用規約に同意する,8150140,石川 亮介,accept,共同利用者なし,,,6階,
2026-04-10 17:09:14,sotaroinoue@example.net,利用規約に同意する,4412924,鈴木 浩,accept,共同利用者なし,,,5階,
2026-04-10 17:15:04,otahiroshi@example.net,利用規約に同意する,4487806,長谷川 零,accept,共同利用者あり,1594540,三浦 春香,,6階
2026-04-10 17:28:11,kazuya35@example.org,利用規約に同意する,8813886,福田 桃子,accept,共同利用者なし,,,5階,
2026-04-10 17:33:50,yamamotohideki@example.org,利用規約に同意する,1558926,佐藤 さゆり,accept,共同利用者なし,,,3階,
2026-04-10 18:33:40,fujitayui@example.com,利用規約に同意する,8313624,岡田 和也,accept,共同利用者なし,,,6階,
2026-04-10 19:30:55,reisato@example.org,利用規約に同意する,8564722,村上 充,accept,共同利用者あり,8220922,遠藤 結衣,,4階
2026-04-10 19:40:22,gotomituru@example.org,利用規約に同意する,8626326,池田 さゆり,accept,共同利用者なし,,,4階,
2026-04-10 19:59:16,owatanabe@example.com,利用規約に同意する,8411232,佐藤 京助,accept,共同利用者あり,1558947,吉田 裕美子,,3階
2026-04-10 20:12:15,shoheiinoue@example.org,利用規約に同意する,4232325,西村 京助,accept,共同利用者なし,,,2階,
2026-04-10 21:15:32,satomikako@example.net,利用規約に同意する,1516864,石井 零,accept,共同利用者なし,,,2階,
2026-04-10 22:22:57,osamu41@example.com,利用規約に同意する,8225105,池田 美加子,accept,共同利用者あり,4209359,福田 洋介,,5階
2026-04-10 22:31:41,okamotoyosuke@example.com,利用規約に同意する,4221229,木村 知実,accept,共同利用者なし,,,6階,
2026-04-10 23:20:38,eyoshida@example.com,利用規約に同意する,4443874,吉田 直子,accept,共同利用者あり,8568493,山口 幹,,5階
2026-04-10 23:21:58,yuta89@example.org,利用規約に同意する,4207592,高橋 加奈,accept,共同利用者あり,4397853,佐藤 京助,,3階
2026-04-10 23:49:40,yoichi58@example.com,利用規約に同意する,8604897,阿部 加奈,accept,共同利用者なし,,,4階,
2026-04-10 23:52:05,reitanaka@example.com,利用規約に同意する,4598167,田中 裕太,accept,共同利用者なし,,,6階,
2026-04-11 00:12:16,endomituru@example.org,利用規約に同意する,1549672,後藤 浩,accept,共同利用者なし,,,2階,
2026-04-11 00:12:26,xkobayashi@example.com,利用規約に同意する,1599807,中村 裕樹,accept,共同利用者なし,,,3階,
2026-04-11 00:15:19,ysato@example.org,利用規約に同意する,1527762,田中 美加子,accept,共同利用者なし,,,4階,
2026-04-11 00:21:15,okadamanabu@example.net,利用規約に同意する,4688930,山田 聡太郎,accept,共同利用者なし,,,5階,
2026-04-11 00:36:56,jokada@example.com,利用規約に同意する,4385990,高橋 裕太,denied,共同利用者なし,,,3階,
2026-04-11 00:41:05,yuitanaka@example.com,利用規約に同意する,1567045,松本 春香,accept,共同利用者なし,,,5階,
2026-04-11 00:45:40,yamadaharuka@example.com,利用規約に同意する,1511362,佐藤 和也,accept,共同利用者なし,,,3階,
2026-04-11 00:50:50,ryoheisato@example.org,利用規約に同意する,4480654,斎藤 花子,accept,共同利用者なし,,,5階,
2026-04-11 00:54:56,itotakuma@example.org,利用規約に同意する,4376344,山本 真綾,accept,共同利用者なし,,,6階,
2026-04-11 00:55:44,hayashikazuya@example.org,利用規約に同意する,1539021,山口 零,accept,共同利用者なし,,,4階,
2026-04-11 01:01:53,osamu44@example.net,利用規約に同意する,1527125,高橋 和也,accept,共同利用者あり,1529219,伊藤 智也,,2階
2026-04-11 01:11:47,yasuhirosuzuki@example.net,利用規約に同意する,1557433,佐藤 里佳,accept,共同利用者なし,,,3階,
2026-04-11 01:21:19,momokomurakami@example.org,利用規約に同意する,8590496,三浦 翼,accept,共同利用者あり,4147235,高橋 さゆり,,3階
2026-04-11 01:45:36,katoshota@example.net,利用規約に同意する,4684108,斎藤 七夏,accept,共同利用者なし,,,6階,
2026-04-11 01:46:47,yasuhirosuzuki@example.net,利用規約に同意する,1557433,佐藤 里佳,accept,共同利用者なし,,,4階,
2026-04-11 02:11:30,tomoya26@example.net,利用規約に同意する,4681070,村上 充,accept,共同利用者あり,4588083,中村 結衣,,4階
2026-04-11 02:18:37,smurakami@example.com,利用規約に同意する,8346457,佐々木 知実,accept,共同利用者なし,,,6階,
2026-04-11 02:52:29,minorutakahashi@example.net,利用規約に同意する,4134663,林 くみ子,accept,共同利用者あり,1540620,佐藤 美加子,,3階
2026-04-11 03:00:00,jun13@example.org,利用規約に同意する,4539834,後藤 浩,accept,共同利用者あり,8954568,田中 あすか,,5階
2026-04-11 04:42:01,satomi28@example.org,利用規約に同意する,1587062,山崎 舞,accept,共同利用者あり,4224890,石井 康弘,,2階
2026-04-11 05:41:14,csuzuki@example.net,利用規約に同意する,4371737,坂本 康弘,accept,共同利用者なし,,,3階,
2026-04-11 05:41:28,rnishimura@example.org,利用規約に同意する,4290111,石川 陽子,accept,共同利用者なし,,,4階,
2026-04-11 05:44:24,watanabekaori@example.net,利用規約に同意する,4258428,長谷川 治,accept,共同利用者なし,,,3階,
2026-04-11 05:50:29,oyoshida@example.net,利用規約に同意する,8560889,山田 知実,accept,共同利用者なし,,,3階,
2026-04-11 06:27:23,akira42@example.org,利用規約に同意する,1581439,佐藤 浩,accept,共同利用者なし,,,6階,
2026-04-11 06:51:13,kazuya11@example.com,利用規約に同意する,1561171,井上 晃,accept,共同利用者なし,,,5階,
2026-04-11 06:54:00,matsumotoosamu@example.com,利用規約に同意する,1548929,中村 陽一,accept,共同利用者あり,8417786,佐々木 裕樹,,3階
2026-04-11 06:54:14,csuzuki@example.net,利用規約に同意する,4371737,坂本 康弘,accept,共同利用者なし,,,5階,
2026-04-11 07:03:05,mai96@example.net,利用規約に同意する,1507456,山本 康弘,accept,共同利用者なし,,,4階,
2026-04-11 07:07:11,shota90@example.org,利用規約に同意する,4112196,鈴木 千代,accept,共同利用者あり,4371737,坂本 康弘,,2階
2026-04-11 07:28:59,saitomikako@example.net,利用規約に同意する,4232007,田中 裕美子,accept,共同利用者あり,8129131,中村 結衣,,5階
2026-04-11 07:59:26,ryoheimurakami@example.com,利用規約に同意する,8280623,福田 花子,accept,共同利用者なし,,,5階,
2026-04-11 08:04:30,mai29@example.net,利用規約に同意する,4207144,中村 里佳,accept,共同利用者なし,,,3階,
2026-04-11 08:10:22,jun12@example.net,利用規約に同意する,1540888,小林 洋介,accept,共同利用者あり,8396067,山田 晃,,3階
2026-04-11 08:26:03,gotomituru@example.org,利用規約に同意する,8626326,池田 さゆり,accept,共同利用者あり,8282323,田中 舞,,6階
2026-04-11 08:40:14,tishii@example.com,利用規約に同意する,4324486,松本 直樹,accept,共同利用者なし,,,6階,
2026-04-11 08:48:36,satomi89@example.org,利用規約に同意する,8691289,佐藤 明美,accept,共同利用者なし,,,5階,
2026-04-11 08:58:37,ctanaka@example.com,利用規約に同意する,8528906,中川 太郎,accept,共同利用者なし,,,6階,
2026-04-11 09:23:22,shimizuyoichi@example.org,利用規約に同意する,4344608,清水 美加子,accept,共同利用者なし,,,2階,
2026-04-11 09:24:51,gtanaka@example.net,利用規約に同意する,8528972,中村 健一,accept,共同利用者なし,,,2階,
2026-04-11 09:53:06,nakajimakumiko@example.com,利用規約に同意する,4388652,佐藤 英樹,accept,共同利用者なし,,,5階,
2026-04-11 10:19:45,maisuzuki@example.com,利用規約に同意する,1574720,佐々木 陽一,accept,共同利用者なし,,,2階,
2026-04-11 10:30:16,nwatanabe@example.org,利用規約に同意する,4570261,鈴木 直人,accept,共同利用者なし,,,6階,
2026-04-11 10:31:50,yasuhiroaoki@example.com,利用規約に同意する,1582727,鈴木 篤司,accept,共同利用者なし,,,3階,
2026-04-11 11:01:05,ayamashita@example.net,利用規約に同意する,2208981,木村 舞,accept,共同利用者なし,,,5階,
2026-04-11 11:13:24,akira29@example.com,利用規約に同意する,4468690,佐藤 稔,accept,共同利用者なし,,,5階,
2026-04-11 11:21:05,asuka60@example.org,利用規約に同意する,8382210,佐々木 明美,accept,共同利用者あり,8941586,太田 拓真,,4階
2026-04-11 11:47:08,rsasaki@example.com,利用規約に同意する,4293468,木村 裕美子,accept,共同利用者あり,8631566,鈴木 結衣,,5階
2026-04-11 12:19:05,asuka60@example.org,利用規約に同意する,8382210,佐々木 明美,accept,共同利用者あり,8941586,太田 拓真,,5階
2026-04-11 12:29:29,wsaito@example.net,利用規約に同意する,1583442,岡田 涼平,accept,共同利用者なし,,,2階,
2026-04-11 13:00:02,tnakagawa@example.org,利用規約に同意する,4224523,坂本 直樹,accept,共同利用者なし,,,3階,
2026-04-11 14:01:19,momoko02@example.com,利用規約に同意する,4268303,藤原 幹,accept,共同利用者なし,,,2階,
2026-04-11 14:26:42,cyamamoto@example.com,利用規約に同意する,4272362,小川 美加子,accept,共同利用者なし,,,2階,
2026-04-11 14:32:56,haruka42@example.net,利用規約に同意する,4372684,橋本 篤司,accept,共同利用者あり,4398567,遠藤 花子,,2階
2026-04-11 14:37:58,vkato@example.org,利用規約に同意する,8492847,長谷川 亮介,accept,共同利用者あり,1539932,佐藤 亮介,,5階
2026-04-11 14:51:30,satoshohei@example.org,利用規約に同意する,4480658,松田 学,accept,共同利用者なし,,,2階,
2026-04-11 14:57:53,yamaguchikumiko@example.net,利用規約に同意する,4249807,山下 七夏,accept,共同利用者なし,,,5階,
2026-04-11 14:59:13,haruka93@example.net,利用規約に同意する,8548353,鈴木 治,accept,共同利用者なし,,,4階,
2026-04-11 14:59:33,minoruogawa@example.org,利用規約に同意する,8450604,太田 拓真,accept,共同利用者なし,,,3階,
2026-04-11 15:03:09,maedaminoru@example.org,利用規約に同意する,8580746,石川 智也,accept,共同利用者なし,,,2階,
2026-04-11 15:27:42,mikakoinoue@example.net,利用規約に同意する,4556148,森 桃子,accept,共同利用者なし,,,2階,
2026-04-11 15:39:54,hiroshi89@example.org,利用規約に同意する,4570617,福田 加奈,accept,共同利用者なし,,,6階,
2026-04-11 15:43:11,yuiokada@example.org,利用規約に同意する,8632087,清水 里佳,accept,共同利用者あり,4109725,吉田 直樹,,4階
2026-04-11 15:54:07,chiyosuzuki@example.com,利用規約に同意する,8176326,渡辺 香織,accept,共同利用者なし,,,3階,
2026-04-11 16:25:34,asuka17@example.net,利用規約に同意する,4415220,鈴木 明美,accept,共同利用者あり,8528972,中村 健一,,2階
2026-04-11 16:42:06,yamashitamituru@example.com,利用規約に同意する,8202125,高橋 修平,accept,共同利用者あり,2199246,高橋 和也,,3階
2026-04-11 16:50:10,rikaishii@example.org,利用規約に同意する,4348760,渡辺 洋介,accept,共同利用者なし,,,2階,
2026-04-11 17:34:02,yukitakahashi@example.com,利用規約に同意する,4172970,橋本 くみ子,accept,共同利用者なし,,,5階,
2026-04-11 17:35:28,moritaichi@example.com,利用規約に同意する,8308639,井上 晃,accept,共同利用者なし,,,5階,
2026-04-11 17:55:53,kenichimaeda@example.com,利用規約に同意する,8290349,山口 くみ子,accept,共同利用者なし,,,4階,
2026-04-11 18:04:23,ifujii@example.net,利用規約に同意する,8688008,田中 亮介,accept,共同利用者なし,,,4階,
2026-04-11 18:46:56,psato@example.org,利用規約に同意する,8261261,阿部 健一,accept,共同利用者なし,,,5階,
2026-04-11 18:55:40,naoto08@example.com,利用規約に同意する,1534814,田中 拓真,accept,共同利用者なし,,,3階,
2026-04-11 19:18:00,eishikawa@example.org,利用規約に同意する,8656436,中川 舞,accept,共同利用者あり,4416299,吉田 裕美子,,5階
2026-04-11 19:21:26,momoko97@example.net,利用規約に同意する,1517038,渡辺 健一,accept,共同利用者なし,,,6階,
2026-04-11 19:34:00,itoryosuke@example.org,利用規約に同意する,8524892,林 花子,accept,共同利用者あり,4250164,長谷川 稔,,5階
2026-04-11 20:21:20,hiroshiito@example.com,利用規約に同意する,4193525,伊藤 さゆり,accept,共同利用者なし,,,3階,
2026-04-11 20:41:00,eishikawa@example.org,利用規約に同意する,8656436,中川 舞,accept,共同利用者あり,4416299,吉田 裕美子,,6階
2026-04-11 21:08:12,hideki51@example.org,利用規約に同意する,4217987,鈴木 香織,accept,共同利用者あり,4620028,佐藤 稔,,4階
2026-04-11 21:15:35,yui23@example.com,利用規約に同意する,4677832,森 充,accept,共同利用者なし,,,5階,
2026-04-11 21:43:06,watanabekaori@example.net,利用規約に同意する,4258428,長谷川 治,accept,共同利用者あり,8454592,松本 浩,,4階
2026-04-11 22:07:39,yamamotomiki@example.com,利用規約に同意する,1507441,鈴木 裕美子,accept,共同利用者あり,4315194,田中 太一,,4階
2026-04-11 22:58:18,naoko37@example.net,利用規約に同意する,1599753,加藤 花子,accept,共同利用者なし,,,4階,
2026-04-11 23:32:38,xtanaka@example.org,利用規約に同意する,1598624,佐藤 学,accept,共同利用者なし,,,2階,
2026-04-11 23:41:39,yamamotomiki@example.com,利用規約に同意する,1507441,鈴木 裕美子,accept,共同利用者あり,4315194,田中 太一,,4階
2026-04-11 23:43:38,okamotoyosuke@example.com,利用規約に同意する,4221229,木村 知実,denied,共同利用者あり,4588083,中村 結衣,,3階
2026-04-11 23:57:03,momoko04@example.com,利用規約に同意する,4320934,後藤 零,denied,共同利用者なし,,,6階,
2026-04-12 00:02:38,takumamatsumoto@example.org,利用規約に同意する,1592778,森 充,accept,共同利用者なし,,,3階,
2026-04-12 00:56:41,xwatanabe@example.com,利用規約に同意する,4337409,伊藤 くみ子,accept,共同利用者あり,4579516,近藤 裕美子,,4階
2026-04-12 01:04:22,naokiwatanabe@example.com,利用規約に同意する,1561894,遠藤 結衣,accept,共同利用者なし,,,4階,
2026-04-12 03:00:29,htakahashi@example.org,利用規約に同意する,8103718,山崎 翔太,accept,共同利用者あり,4322768,西村 舞,,6階
2026-04-12 03:17:54,chiyokobayashi@example.com,利用規約に同意する,4159424,松本 拓真,accept,共同利用者なし,,,5階,
2026-04-12 03:36:50,wwatanabe@example.com,利用規約に同意する,8628183,清水 陽子,accept,共同利用者なし,,,6階,
2026-04-12 04:19:14,nanami43@example.net,利用規約に同意する,8798173,加藤 知実,accept,共同利用者あり,1547696,小林 七夏,,5階
2026-04-12 04:24:04,ftakahashi@example.org,利用規約に同意する,8204081,山本 直樹,denied,共同利用者なし,,,5階,
2026-04-12 04:38:30,suzukihanako@example.net,利用規約に同意する,1540779,佐藤 くみ子,accept,共同利用者あり,4116284,高橋 陽子,,2階
2026-04-12 04:41:33,shohei86@example.net,利用規約に同意する,1547537,佐藤 洋介,accept,共同利用者あり,4316899,加藤 太郎,,3階
2026-04-12 05:00:05,rikakato@example.com,利用規約に同意する,8324881,清水 零,denied,共同利用者あり,8672845,藤田 聡太郎,,6階
2026-04-12 05:04:42,rsasaki@example.com,利用規約に同意する,4293468,木村 裕美子,accept,共同利用者なし,,,3階,
2026-04-12 05:17:48,yoko03@example.org,利用規約に同意する,4493718,中村 桃子,accept,共同利用者なし,,,6階,
2026-04-12 05:24:30,suzukinaoto@example.org,利用規約に同意する,1531270,坂本 桃子,accept,共同利用者なし,,,6階,
2026-04-12 05:34:44,winoue@example.org,利用規約に同意する,4432096,鈴木 裕太,accept,共同利用者あり,8613587,鈴木 聡太郎,,3階
2026-04-12 05:36:18,suzukiryohei@example.org,利用規約に同意する,1538654,佐々木 直樹,accept,共同利用者なし,,,2階,
2026-04-12 05:46:44,ishikawakenichi@example.com,利用規約に同意する,4341904,中川 裕樹,accept,共同利用者なし,,,3階,
2026-04-12 06:18:29,pokamoto@example.com,利用規約に同意する,1514335,松本 千代,accept,共同利用者なし,,,6階,
2026-04-12 06:25:31,wkato@example.net,利用規約に同意する,1510011,山田 篤司,accept,共同利用者あり,1579887,伊藤 聡太郎,,5階
2026-04-12 06:32:05,rikakato@example.com,利用規約に同意する,8324881,清水 零,denied,共同利用者あり,8672845,藤田 聡太郎,,2階
2026-04-12 06:47:47,kumikotakahashi@example.org,利用規約に同意する,4192801,鈴木 あすか,accept,共同利用者あり,8449412,鈴木 幹,,5階
2026-04-12 06:48:55,iyamamoto@example.net,利用規約に同意する,1530340,山口 七夏,accept,共同利用者なし,,,6階,
2026-04-12 07:55:56,satomi89@example.org,利用規約に同意する,8691289,佐藤 明美,denied,共同利用者なし,,,5階,
2026-04-12 07:57:31,wkato@example.net,利用規約に同意する,1510011,山田 篤司,accept,共同利用者あり,1579887,伊藤 聡太郎,,4階
2026-04-12 09:08:36,kaoriyamamoto@example.com,利用規約に同意する,2715396,高橋 翔太,denied,共同利用者なし,,,5階,
2026-04-12 09:20:51,maigoto@example.com,利用規約に同意する,8632613,井上 学,accept,共同利用者なし,,,4階,
2026-04-12 09:21:08,shimizutakuma@example.com,利用規約に同意する,8588150,長谷川 和也,accept,共同利用者なし,,,6階,
2026-04-12 09:32:48,kobayashishota@example.com,利用規約に同意する,8576955,森 美加子,accept,共同利用者なし,,,5階,
2026-04-12 09:53:25,psakamoto@example.org,利用規約に同意する,8588805,林 直子,accept,共同利用者なし,,,4階,
2026-04-12 10:39:44,naoki83@example.com,利用規約に同意する,2813947,松本 舞,accept,共同利用者なし,,,3階,
2026-04-12 10:46:00,csuzuki@example.net,利用規約に同意する,4371737,坂本 康弘,accept,共同利用者あり,2153120,清水 充,,2階
2026-04-12 11:08:56,yui64@example.org,利用規約に同意する,2388647,渡辺 修平,accept,共同利用者なし,,,2階,
2026-04-12 11:13:22,yoichi49@example.org,利用規約に同意する,8482149,石井 舞,accept,共同利用者なし,,,6階,
2026-04-12 11:37:13,yuta42@example.com,利用規約に同意する,1554053,福田 充,accept,共同利用者なし,,,3階,
2026-04-12 11:40:38,satoyuki@example.com,利用規約に同意する,4123392,高橋 陽一,accept,共同利用者なし,,,4階,
2026-04-12 12:32:13,yuta42@example.com,利用規約に同意する,1554053,福田 充,accept,共同利用者なし,,,4階,
2026-04-12 12:37:27,saitosayuri@example.net,利用規約に同意する,8289957,佐藤 花子,denied,共同利用者なし,,,2階,
2026-04-12 12:51:54,ishikawanaoki@example.org,利用規約に同意する,8437512,山本 結衣,accept,共同利用者なし,,,3階,
2026-04-12 13:06:06,eishikawa@example.org,利用規約に同意する,8656436,中川 舞,denied,共同利用者あり,1543456,田中 直人,,2階
2026-04-12 13:07:20,ogawaakira@example.net,利用規約に同意する,8447895,鈴木 健一,accept,共同利用者なし,,,6階,
2026-04-12 13:14:17,kimurakaori@example.net,利用規約に同意する,1586194,中川 亮介,accept,共同利用者なし,,,5階,
2026-04-12 13:54:42,shohei23@example.com,利用規約に同意する,8125006,斎藤 陽子,accept,共同利用者あり,1593531,福田 涼平,,6階
2026-04-12 14:27:20,ogawaakira@example.net,利用規約に同意する,8447895,鈴木 健一,accept,共同利用者なし,,,4階,
2026-04-12 14:35:52,taichinakamura@example.net,利用規約に同意する,1535112,中川 充,accept,共同利用者なし,,,2階,
2026-04-12 14:37:11,naokoyamashita@example.com,利用規約に同意する,4476064,小林 あすか,accept,共同利用者なし,,,5階,
2026-04-12 14:54:16,naoto70@example.com,利用規約に同意する,8481973,前田 聡太郎,accept,共同利用者あり,4252565,中村 翔太,,5階
2026-04-12 15:01:36,vsato@example.org,利用規約に同意する,8252923,佐藤 明美,accept,共同利用者あり,4610358,山田 幹,,2階
2026-04-12 15:19:40,yoichi34@example.org,利用規約に同意する,8245353,青木 知実,accept,共同利用者なし,,,6階,
2026-04-12 15:20:22,yumikosasaki@example.org,利用規約に同意する,8260689,佐藤 裕太,accept,共同利用者なし,,,5階,
2026-04-12 15:50:08,matsudashota@example.org,利用規約に同意する,4579381,田中 涼平,accept,共同利用者なし,,,5階,
2026-04-12 15:52:05,gotokana@example.net,利用規約に同意する,1538506,岡本 直子,accept,共同利用者なし,,,4階,
2026-04-12 15:54:11,manabu11@example.com,利用規約に同意する,4161674,佐藤 真綾,accept,共同利用者なし,,,5階,
2026-04-12 16:06:43,jkobayashi@example.com,利用規約に同意する,1559692,中村 里佳,accept,共同利用者なし,,,3階,
2026-04-12 16:09:27,hiroshi49@example.org,利用規約に同意する,1594540,三浦 春香,accept,共同利用者あり,8452873,岡田 桃子,,3階
2026-04-12 16:34:56,chiyo99@example.org,利用規約に同意する,1536099,高橋 舞,accept,共同利用者あり,4610358,山田 幹,,4階
2026-04-12 16:35:31,shohei86@example.net,利用規約に同意する,1547537,佐藤 洋介,accept,共同利用者あり,8209807,山口 春香,,6階
2026-04-12 16:50:58,tomoya26@example.net,利用規約に同意する,4681070,村上 充,accept,共同利用者なし,,,3階,
2026-04-12 17:01:56,chiyo99@example.org,利用規約に同意する,1536099,高橋 舞,accept,共同利用者あり,4610358,山田 幹,,4階
2026-04-12 17:02:33,okimura@example.net,利用規約に同意する,8873116,加藤 陽一,accept,共同利用者なし,,,3階,
2026-04-12 17:19:41,gnakajima@example.com,利用規約に同意する,8680440,阿部 零,accept,共同利用者なし,,,6階,
2026-04-12 17:48:06,kaori99@example.com,利用規約に同意する,4670852,遠藤 英樹,accept,共同利用者なし,,,3階,
2026-04-12 17:48:38,wyamaguchi@example.org,利用規約に同意する,1595300,中村 裕美子,accept,共同利用者なし,,,5階,
2026-04-12 18:03:43,yokoishikawa@example.com,利用規約に同意する,8195804,伊藤 充,accept,共同利用者あり,8640760,山本 春香,,2階
2026-04-12 19:17:14,tanakahiroshi@example.net,利用規約に同意する,4161462,佐々木 知実,accept,共同利用者なし,,,4階,
2026-04-12 19:25:00,kobayashiyumiko@example.com,利用規約に同意する,4558446,鈴木 結衣,accept,共同利用者あり,4337409,伊藤 くみ子,,5階
2026-04-12 19:28:57,taichi74@example.com,利用規約に同意する,8268494,田中 聡太郎,accept,共同利用者なし,,,6階,
2026-04-12 19:32:11,rkondo@example.org,利用規約に同意する,4546437,岡本 浩,denied,共同利用者なし,,,4階,
2026-04-12 19:35:03,rikaito@example.com,利用規約に同意する,1501220,岡本 直樹,accept,共同利用者あり,1580079,小林 聡太郎,,6階
2026-04-12 20:29:38,naokomaeda@example.org,利用規約に同意する,4445718,山田 直人,accept,共同利用者あり,1518289,山下 治,,2階
2026-04-12 20:44:34,akemi34@example.net,利用規約に同意する,1566237,中島 篤司,accept,共同利用者あり,8317361,高橋 陽子,,5階
2026-04-12 20:51:27,tarotakahashi@example.net,利用規約に同意する,4395339,山口 幹,accept,共同利用者なし,,,6階,
2026-04-12 20:59:55,rkato@example.com,利用規約に同意する,1594489,村上 翼,accept,共同利用者あり,4610358,山田 幹,,5階
2026-04-12 21:23:34,kaori49@example.com,利用規約に同意する,4461727,遠藤 亮介,accept,共同利用者なし,,,2階,
2026-04-12 21:29:57,ryosukekato@example.org,利用規約に同意する,8494510,福田 和也,accept,共同利用者なし,,,4階,
2026-04-12 21:30:22,takumanakamura@example.org,利用規約に同意する,4426741,中村 陽一,accept,共同利用者なし,,,3階,
2026-04-12 21:43:00,yumikokondo@example.com,利用規約に同意する,8568723,後藤 翼,accept,共同利用者なし,,,2階,
2026-04-12 21:54:53,fsuzuki@example.org,利用規約に同意する,8676724,岡田 太一,accept,共同利用者なし,,,4階,
2026-04-12 21:56:16,naoki45@example.com,利用規約に同意する,1552802,阿部 直人,accept,共同利用者なし,,,6階,
2026-04-12 22:11:17,yui85@example.net,利用規約に同意する,4388815,佐藤 明美,accept,共同利用者なし,,,5階,
2026-04-12 22:18:13,katokaori@example.org,利用規約に同意する,1599693,山田 里佳,accept,共同利用者なし,,,2階,
2026-04-12 22:24:08,reisato@example.com,利用規約に同意する,8543933,鈴木 桃子,accept,共同利用者なし,,,3階,
2026-04-12 22:59:53,tomoya26@example.net,利用規約に同意する,4681070,村上 充,accept,共同利用者なし,,,2階,
2026-04-12 23:11:11,aokiharuka@example.com,利用規約に同意する,1575631,佐藤 美加子,accept,共同利用者なし,,,2階,
2026-04-12 23:50:03,hiroshi49@example.org,利用規約に同意する,1594540,三浦 春香,accept,共同利用者なし,,,2階,
2026-04-12 23:51:45,hsasaki@example.com,利用規約に同意する,4659510,斎藤 直子,accept,共同利用者あり,1593298,後藤 くみ子,,4階
2026-04-12 23:53:46,suzukiyuta@example.net,利用規約に同意する,1558947,吉田 裕美子,denied,共同利用者なし,,,6階,
2026-04-13 00:18:23,yoichi98@example.net,利用規約に同意する,8275880,中村 太一,denied,共同利用者なし,,,6階,
2026-04-13 00:32:09,hnakajima@example.net,利用規約に同意する,4366550,山田 洋介,accept,共同利用者あり,8606428,清水 花子,,4階
2026-04-13 00:46:04,yoichi58@example.com,利用規約に同意する,8604897,阿部 加奈,accept,共同利用者なし,,,4階,
2026-04-13 00:49:31,tsubasayoshida@example.com,利用規約に同意する,1506021,山下 知実,accept,共同利用者なし,,,3階,
2026-04-13 01:08:51,nnakamura@example.com,利用規約に同意する,4644500,山本 晃,accept,共同利用者なし,,,3階,
2026-04-13 01:34:59,hidekiyamaguchi@example.net,利用規約に同意する,4434620,高橋 春香,accept,共同利用者なし,,,3階,
2026-04-13 01:44:09,hnakajima@example.net,利用規約に同意する,4366550,山田 洋介,accept,共同利用者あり,8606428,清水 花子,,6階
2026-04-13 01:47:04,yoichi58@example.com,利用規約に同意する,8604897,阿部 加奈,accept,共同利用者なし,,,5階,
2026-04-13 01:50:23,naokosato@example.net,利用規約に同意する,1543914,石井 裕樹,accept,共同利用者あり,1577814,藤原 明美,,3階
2026-04-13 02:10:14,yui79@example.net,利用規約に同意する,8389687,林 康弘,accept,共同利用者なし,,,2階,
2026-04-13 02:22:18,yamadaharuka@example.com,利用規約に同意する,1511362,佐藤 和也,denied,共同利用者なし,,,2階,
2026-04-13 02:28:48,kimurakumiko@example.org,利用規約に同意する,8895525,田中 春香,accept,共同利用者なし,,,5階,
2026-04-13 02:35:16,hayashikazuya@example.org,利用規約に同意する,1539021,山口 零,accept,共同利用者なし,,,5階,
2026-04-13 02:35:19,anakamura@example.net,利用規約に同意する,8444597,山田 健一,accept,共同利用者なし,,,5階,
2026-04-13 02:43:51,nnakamura@example.com,利用規約に同意する,4644500,山本 晃,accept,共同利用者なし,,,2階,
2026-04-13 02:48:25,taichi73@example.com,利用規約に同意する,4377518,鈴木 真綾,accept,共同利用者なし,,,5階,
2026-04-13 04:17:57,bsuzuki@example.org,利用規約に同意する,4283386,岡本 加奈,accept,共同利用者なし,,,4階,
2026-04-13 04:25:56,itoryosuke@example.org,利用規約に同意する,8524892,林 花子,accept,共同利用者あり,4609720,井上 結衣,,3階
2026-04-13 04:48:29,akeminakajima@example.com,利用規約に同意する,4420730,藤原 美加子,accept,共同利用者あり,8280623,福田 花子,,2階
2026-04-13 05:21:20,takumafujiwara@example.net,利用規約に同意する,4323834,藤田 智也,accept,共同利用者なし,,,2階,
2026-04-13 05:29:42,ryohei76@example.net,利用規約に同意する,4162071,山田 千代,accept,共同利用者あり,1554596,田中 英樹,,4階
2026-04-13 05:31:30,fukudatakuma@example.net,利用規約に同意する,4114662,佐藤 零,accept,共同利用者あり,1524586,高橋 学,,4階
2026-04-13 06:02:46,chiyokobayashi@example.com,利用規約に同意する,4159424,松本 拓真,accept,共同利用者なし,,,3階,
2026-04-13 06:57:40,ssaito@example.net,利用規約に同意する,8225144,田中 太郎,accept,共同利用者なし,,,6階,
2026-04-13 07:20:14,kaori49@example.com,利用規約に同意する,4461727,遠藤 亮介,accept,共同利用者あり,4449840,山口 直樹,,4階
2026-04-13 07:50:14,kaori49@example.com,利用規約に同意する,4461727,遠藤 亮介,accept,共同利用者あり,4449840,山口 直樹,,3階
2026-04-13 08:07:53,hayashihideki@example.com,利用規約に同意する,4266935,渡辺 健一,accept,共同利用者なし,,,6階,
2026-04-13 08:14:46,satomi28@example.org,利用規約に同意する,1511359,前田 直子,accept,共同利用者なし,,,6階,
2026-04-13 08:17:20,akirasaito@example.org,利用規約に同意する,1556973,田中 七夏,accept,共同利用者なし,,,6階,
2026-04-13 08:19:44,hnakajima@example.net,利用規約に同意する,4366550,山田 洋介,accept,共同利用者なし,,,6階,
2026-04-13 08:27:16,qabe@example.com,利用規約に同意する,4195265,山本 明美,accept,共同利用者なし,,,6階,
2026-04-13 09:49:07,kumiko28@example.net,利用規約に同意する,4290023,小林 舞,accept,共同利用者あり,8428124,佐藤 翔太,,3階
2026-04-13 09:50:14,miki29@example.org,利用規約に同意する,8889707,伊藤 舞,accept,共同利用者なし,,,2階,
2026-04-13 09:55:13,winoue@example.org,利用規約に同意する,4432096,鈴木 裕太,accept,共同利用者あり,4652757,佐藤 京助,,4階
2026-04-13 09:55:41,naokifujiwara@example.com,利用規約に同意する,4549941,橋本 洋介,accept,共同利用者なし,,,5階,
2026-04-13 09:59:42,katojun@example.org,利用規約に同意する,8455448,高橋 涼平,accept,共同利用者あり,8234741,渡辺 加奈,,3階
2026-04-13 10:25:59,osamukondo@example.com,利用規約に同意する,8204138,阿部 零,accept,共同利用者なし,,,4階,
2026-04-13 10:32:26,xwatanabe@example.com,利用規約に同意する,4337409,伊藤 くみ子,accept,共同利用者なし,,,6階,
2026-04-13 10:38:18,kyosukeaoki@example.net,利用規約に同意する,1579887,伊藤 聡太郎,accept,共同利用者なし,,,3階,
2026-04-13 10:45:14,miki29@example.org,利用規約に同意する,8889707,伊藤 舞,accept,共同利用者なし,,,3階,
2026-04-13 10:55:02,hiroshi89@example.com,利用規約に同意する,1573731,小林 花子,accept,共同利用者なし,,,3階,
2026-04-13 11:03:04,oikeda@example.com,利用規約に同意する,1512415,中村 裕美子,accept,共同利用者あり,4420730,藤原 美加子,,5階
2026-04-13 11:06:52,miki37@example.net,利用規約に同意する,8630161,佐藤 淳,accept,共同利用者なし,,,4階,
2026-04-13 11:07:23,shoheiabe@example.net,利用規約に同意する,1536585,渡辺 くみ子,accept,共同利用者なし,,,2階,
2026-04-13 11:30:22,minoruogawa@example.org,利用規約に同意する,8450604,太田 拓真,accept,共同利用者なし,,,6階,
2026-04-13 11:44:31,mikakotanaka@example.org,利用規約に同意する,1540970,清水 修平,accept,共同利用者あり,4271058,池田 美加子,,6階
2026-04-13 12:19:02,otakyosuke@example.com,利用規約に同意する,4252565,中村 翔太,accept,共同利用者なし,,,5階,
2026-04-13 12:29:24,reimatsuda@example.net,利用規約に同意する,8189417,鈴木 くみ子,accept,共同利用者なし,,,5階,
2026-04-13 12:39:56,saitotaro@example.com,利用規約に同意する,4564032,橋本 陽子,accept,共同利用者あり,1536569,斎藤 修平,,4階
2026-04-13 12:40:56,ikato@example.org,利用規約に同意する,1518344,小林 稔,accept,共同利用者なし,,,2階,
2026-04-13 12:51:17,kenichinakamura@example.com,利用規約に同意する,4613235,中村 翼,accept,共同利用者あり,1599972,森 淳,,2階
2026-04-13 13:09:23,nhasegawa@example.net,利用規約に同意する,1594692,岡田 京助,accept,共同利用者なし,,,2階,
2026-04-13 13:10:42,taichiito@example.com,利用規約に同意する,8426465,長谷川 香織,accept,共同利用者なし,,,4階,
2026-04-13 13:19:05,inouemituru@example.net,利用規約に同意する,8422349,坂本 洋介,accept,共同利用者あり,8114663,山田 裕美子,,6階
2026-04-13 13:22:38,manabu94@example.net,利用規約に同意する,1537196,橋本 翼,accept,共同利用者あり,4188452,前田 桃子,,5階
2026-04-13 13:39:30,tmatsumoto@example.org,利用規約に同意する,1559233,斎藤 七夏,accept,共同利用者あり,1549009,山口 直人,,3階
2026-04-13 13:55:43,tsubasasato@example.org,利用規約に同意する,1575223,田中 充,accept,共同利用者なし,,,2階,
2026-04-13 14:14:05,momokosato@example.com,利用規約に同意する,1524662,松本 美加子,accept,共同利用者あり,8131194,渡辺 淳,,6階
2026-04-13 14:16:36,gkimura@example.com,利用規約に同意する,1543910,三浦 美加子,accept,共同利用者あり,4461727,遠藤 亮介,,5階
2026-04-13 14:16:54,bkobayashi@example.net,利用規約に同意する,1534471,佐藤 結衣,accept,共同利用者なし,,,2階,
2026-04-13 15:16:30,maayatakahashi@example.org,利用規約に同意する,4579516,近藤 裕美子,accept,共同利用者なし,,,6階,
2026-04-13 15:28:01,jun12@example.com,利用規約に同意する,1567862,斉藤 治,accept,共同利用者なし,,,2階,
2026-04-13 15:30:27,murakamimanabu@example.org,利用規約に同意する,2946254,山口 桃子,accept,共同利用者なし,,,3階,
2026-04-13 16:04:42,saitomaaya@example.org,利用規約に同意する,8562324,小林 花子,accept,共同利用者なし,,,3階,
2026-04-13 16:44:24,yamashitayasuhiro@example.net,利用規約に同意する,1532077,佐々木 結衣,accept,共同利用者あり,4659510,斎藤 直子,,3階
2026-04-13 16:58:13,morimanabu@example.com,利用規約に同意する,8466648,伊藤 花子,accept,共同利用者あり,1565323,松本 あすか,,6階
2026-04-13 17:08:44,yuta97@example.com,利用規約に同意する,4473005,斎藤 洋介,denied,共同利用者なし,,,6階,
2026-04-13 17:38:49,yoko19@example.com,利用規約に同意する,4463654,山下 里佳,accept,共同利用者あり,1518661,後藤 真綾,,4階
2026-04-13 17:48:45,tnakagawa@example.org,利用規約に同意する,4224523,坂本 直樹,accept,共同利用者なし,,,3階,
2026-04-13 17:58:08,chiyohashimoto@example.net,利用規約に同意する,1598038,中島 あすか,accept,共同利用者なし,,,2階,
2026-04-13 18:33:57,yosukewatanabe@example.org,利用規約に同意する,4163277,斉藤 晃,accept,共同利用者なし,,,5階,
2026-04-13 18:39:17,mikiyoshida@example.org,利用規約に同意する,8438985,鈴木 直子,accept,共同利用者なし,,,6階,
2026-04-13 18:57:25,yokoishikawa@example.com,利用規約に同意する,8195804,伊藤 充,accept,共同利用者なし,,,3階,
2026-04-13 19:13:34,osamu07@example.com,利用規約に同意する,4432742,斉藤 くみ子,accept,共同利用者なし,,,3階,
2026-04-13 20:04:15,sotarohashimoto@example.net,利用規約に同意する,4519773,山崎 裕美子,denied,共同利用者なし,,,3階,
2026-04-13 20:13:15,taichi56@example.org,利用規約に同意する,1532707,藤井 花子,accept,共同利用者なし,,,5階,
2026-04-13 20:14:49,iyamamoto@example.net,利用規約に同意する,1530340,山口 七夏,accept,共同利用者なし,,,2階,
2026-04-13 20:50:39,kenichinakagawa@example.com,利用規約に同意する,8189282,石川 春香,accept,共同利用者なし,,,3階,
2026-04-13 20:51:47,mikakoinoue@example.net,利用規約に同意する,4556148,森 桃子,accept,共同利用者なし,,,6階,
2026-04-13 20:53:42,uito@example.net,利用規約に同意する,8154948,山田 晃,accept,共同利用者あり,8197894,田中 晃,,5階
2026-04-13 21:02:15,ifujii@example.net,利用規約に同意する,8688008,田中 亮介,accept,共同利用者なし,,,4階,
2026-04-13 21:15:47,suzukitakuma@example.net,利用規約に同意する,1547329,岡田 健一,accept,共同利用者なし,,,6階,
2026-04-13 21:47:15,taichi56@example.org,利用規約に同意する,1532707,藤井 花子,accept,共同利用者なし,,,4階,
2026-04-13 22:19:53,yokoishikawa@example.com,利用規約に同意する,8195804,伊藤 充,accept,共同利用者なし,,,2階,
2026-04-13 22:27:39,tishii@example.com,利用規約に同意する,4324486,松本 直樹,accept,共同利用者なし,,,2階,
2026-04-13 22:28:21,hsasaki@example.com,利用規約に同意する,4659510,斎藤 直子,accept,共同利用者あり,4297880,山本 零,,2階
2026-04-13 22:36:53,qinoue@example.org,利用規約に同意する,1586673,青木 結衣,accept,共同利用者なし,,,3階,
2026-04-13 22:46:38,hiroshiito@example.com,利用規約に同意する,4193525,伊藤 さゆり,accept,共同利用者なし,,,5階,
2026-04-13 23:01:15,akemi73@example.com,利用規約に同意する,4559930,渡辺 直子,accept,共同利用者なし,,,2階,
2026-04-13 23:16:00,gtanaka@example.net,利用規約に同意する,8528972,中村 健一,accept,共同利用者あり,4508079,松本 淳,,6階
2026-04-13 23:50:14,sotaro94@example.org,利用規約に同意する,1525715,小川 涼平,accept,共同利用者なし,,,2階,
