タイムスタンプ,メールアドレス,規約への同意,共同利用者の学籍番号,共同利用者の氏名,共同利用者の学生証写真,結果
2026-04-01 00:44:40,iyamashita@example.org,利用規約に同意する,1556973,後藤 和也,accept,S0
2026-04-01 00:48:15,naoki31@example.org,利用規約に同意する,1530340,坂本 幹,accept,E3
2026-04-01 01:28:10,rei23@example.net,利用規約に同意する,4162071,中村 稔,accept,S0
2026-04-01 02:30:59,yoichi10@example.org,利用規約に同意する,8601257,山下 治,accept,E3
2026-04-01 03:03:01,yoko65@example.com,利用規約に同意する,8450604,鈴木 幹,accept,E3
2026-04-01 03:39:25,yutahayashi@example.org,利用規約に同意する,4163277,森 稔,accept,S0
2026-04-01 05:23:17,naokikondo@example.net,利用規約に同意する,4679395,佐藤 治,accept,E3
2026-04-01 06:10:01,hanako34@example.net,利用規約に同意する,4612502,林 裕太,accept,E3
2026-04-01 06:20:39,itomaaya@example.org,利用規約に同意する,8484972,坂本 京助,accept,S0
2026-04-01 07:38:34,sotaromatsumoto@example.net,利用規約に同意する,8576955,後藤 涼平,accept,E3
2026-04-01 10:32:27,mhashimoto@example.net,利用規約に同意する,4935825,阿部 涼平,accept,E1
2026-04-01 10:33:55,jnakagawa@example.net,利用規約に同意する,4454524,村上 あすか,accept,E3
2026-04-01 11:08:27,hanakosuzuki@example.org,利用規約に同意する,4443874,林 千代,accept,S0
2026-04-01 12:29:29,yuitanaka@example.com,利用規約に同意する,8278282,中島 知実,denied,E1
2026-04-01 12:48:06,minorushimizu@example.net,利用規約に同意する,8157176,森 くみ子,accept,S0
2026-04-01 13:12:54,hiroshi22@example.com,利用規約に同意する,4463654,斎藤 加奈,accept,S0
2026-04-01 14:03:19,yumiko19@example.com,利用規約に同意する,4688930,中村 裕太,denied,E1
2026-04-01 14:18:23,vtakahashi@example.com,利用規約に同意する,4519773,遠藤 さゆり,denied,E1
2026-04-01 15:10:31,etanaka@example.net,利用規約に同意する,4260249,後藤 修平,accept,S0
2026-04-01 16:27:01,efujiwara@example.com,利用規約に同意する,8826111,松田 花子,accept,E1
2026-04-01 16:43:48,matsumotonaoko@example.net,利用規約に同意する,1537054,山崎 あすか,accept,S0
2026-04-01 17:27:48,harukawatanabe@example.com,利用規約に同意する,8134311,石井 くみ子,accept,E3
2026-04-01 18:19:17,suzukiyosuke@example.org,利用規約に同意する,1599663,森 零,accept,E3
2026-04-01 20:35:59,watanabenaoko@example.net,利用規約に同意する,4452383,佐藤 桃子,accept,E3
2026-04-01 21:13:25,naoki96@example.org,利用規約に同意する,8257340,小林 直樹,accept,E3
2026-04-01 22:32:27,taichitakahashi@example.net,利用規約に同意する,8517842,石川 拓真,denied,E1
2026-04-01 22:49:13,ryosukehashimoto@example.net,利用規約に同意する,4316315,藤井 浩,accept,E3
2026-04-01 23:44:31,ishikawakenichi@example.org,利用規約に同意する,8274277,鈴木 陽子,accept,S0
2026-04-02 00:03:56,kenichi30@example.com,利用規約に同意する,4153088,遠藤 里佳,accept,E3
2026-04-02 00:18:57,takahashihanako@example.net,利用規約に同意する,4609720,松本 直子,accept,E3
2026-04-02 00:29:49,yamadaminoru@example.com,利用規約に同意する,8209807,伊藤 直子,denied,E1
2026-04-02 00:34:07,yoichi11@example.org,利用規約に同意する,8225105,田中 明美,accept,S0
2026-04-02 01:46:45,etanaka@example.net,利用規約に同意する,4260249,後藤 修平,denied,E1
2026-04-02 02:28:10,akato@example.com,利用規約に同意する,8389687,田中 桃子,accept,E3
2026-04-02 02:40:07,mikako63@example.com,利用規約に同意する,8568493,高橋 千代,denied,E1
2026-04-02 04:07:33,osamu50@example.org,利用規約に同意する,4476064,伊藤 直子,accept,E3
2026-04-02 05:15:53,tsubasasato@example.net,利用規約に同意する,4115213,佐藤 幹,accept,E3
2026-04-02 06:56:17,satoyoichi@example.com,利用規約に同意する,1502187,渡辺 太郎,accept,E3
2026-04-02 06:59:29,hayashikyosuke@example.org,利用規約に同意する,1506755,山口 知実,accept,E3
2026-04-02 07:20:56,naotoaoki@example.com,利用規約に同意する,1587584,三浦 裕美子,accept,S0
2026-04-02 07:30:15,saitoasuka@example.com,利用規約に同意する,1549672,中村 晃,accept,E3
2026-04-02 09:00:13,naoto37@example.com,利用規約に同意する,4558446,高橋 舞,accept,E3
2026-04-02 09:32:50,yyamashita@example.com,利用規約に同意する,1576638,後藤 洋介,accept,E3
2026-04-02 11:14:08,takahashiasuka@example.net,利用規約に同意する,1583050,松本 あすか,accept,E3
2026-04-02 12:18:32,chiyo19@example.com,利用規約に同意する,8275065,阿部 香織,accept,E3
2026-04-02 12:21:29,watanabenaoko@example.net,利用規約に同意する,4452383,佐藤 桃子,accept,E3
2026-04-02 13:03:16,ryohei50@example.net,利用規約に同意する,4528953,坂本 和也,accept,E3
2026-04-02 14:33:06,dyamazaki@example.org,利用規約に同意する,8494510,佐藤 篤司,accept,E3
2026-04-02 15:35:07,yutahayashi@example.org,利用規約に同意する,1573731,坂本 さゆり,accept,E3
2026-04-02 16:15:53,nakamuramiki@example.org,利用規約に同意する,8562957,岡本 直子,accept,E3
2026-04-02 16:21:36,msuzuki@example.com,利用規約に同意する,4168937,山田 康弘,accept,E3
2026-04-02 16:21:59,takuma39@example.net,利用規約に同意する,1534365,伊藤 篤司,accept,E3
2026-04-02 16:39:53,hideki05@example.net,利用規約に同意する,1505772,吉田 知実,accept,E3
2026-04-02 17:50:39,yumiko17@example.org,利用規約に同意する,4739110,池田 洋介,accept,E1
2026-04-02 17:55:21,naoko03@example.com,利用規約に同意する,1583948,山本 幹,accept,E3
2026-04-02 18:09:42,suzukitsubasa@example.org,利用規約に同意する,4116284,山本 里佳,accept,S0
2026-04-02 18:54:04,mai75@example.net,利用規約に同意する,1592925,高橋 浩,accept,E3
2026-04-02 19:20:39,fnakamura@example.net,利用規約に同意する,4385929,松本 春香,accept,S0
2026-04-02 20:44:29,taro53@example.net,利用規約に同意する,4652757,太田 くみ子,accept,E3
2026-04-02 20:54:17,akato@example.com,利用規約に同意する,8389687,田中 桃子,accept,S0
2026-04-02 21:30:40,akiraendo@example.org,利用規約に同意する,8189282,中村 桃子,accept,S0
2026-04-02 21:31:19,satominoru@example.org,利用規約に同意する,1519313,長谷川 康弘,accept,E3
2026-04-02 21:53:37,yamadakazuya@example.org,利用規約に同意する,2169534,山崎 涼平,accept,E1
2026-04-02 21:59:33,nanami21@example.com,利用規約に同意する,1587062,斉藤 直子,accept,E3
2026-04-02 22:04:37,kimuramituru@example.net,利用規約に同意する,4277993,福田 加奈,accept,E3
2026-04-02 23:22:17,naokiyamada@example.com,利用規約に同意する,4272362,佐藤 晃,accept,S0
2026-04-03 00:25:03,osamusuzuki@example.net,利用規約に同意する,4368551,橋本 裕太,accept,E3
2026-04-03 00:59:32,asukayoshida@example.com,利用規約に同意する,8615012,山本 康弘,accept,S0
2026-04-03 01:57:23,sayurikobayashi@example.net,利用規約に同意する,8588150,佐々木 舞,accept,S0
2026-04-03 05:00:43,waoki@example.net,利用規約に同意する,4159432,長谷川 加奈,denied,E1
2026-04-03 05:35:39,sotarofukuda@example.com,利用規約に同意する,8307266,田中 七夏,accept,S0
2026-04-03 06:55:10,yamamotomomoko@example.net,利用規約に同意する,1551747,高橋 翼,accept,S0
2026-04-03 08:02:38,shotakobayashi@example.com,利用規約に同意する,8234741,小林 裕美子,accept,E3
2026-04-03 09:01:38,otarika@example.net,利用規約に同意する,8640425,鈴木 学,accept,E3
2026-04-03 09:01:59,naoto22@example.net,利用規約に同意する,1536025,渡辺 亮介,accept,E3
2026-04-03 09:47:27,kyamaguchi@example.net,利用規約に同意する,1532768,池田 真綾,accept,S0
2026-04-03 09:48:32,amatsumoto@example.org,利用規約に同意する,4525203,田中 香織,accept,E3
2026-04-03 11:11:10,miurakumiko@example.org,利用規約に同意する,4381691,近藤 幹,accept,E3
2026-04-03 12:13:08,nanami10@example.org,利用規約に同意する,8798735,山崎 英樹,accept,E1
2026-04-03 12:48:16,atsushihashimoto@example.org,利用規約に同意する,1530490,岡田 加奈,accept,E3
2026-04-03 13:30:45,satonaoko@example.com,利用規約に同意する,4434524,佐藤 陽子,denied,E1
2026-04-03 14:22:12,hidekiinoue@example.net,利用規約に同意する,4591248,松本 花子,denied,E1
2026-04-03 15:25:49,hanakotanaka@example.net,利用規約に同意する,4647943,斎藤 稔,accept,E3
2026-04-03 16:35:20,akemi75@example.com,利用規約に同意する,8150140,三浦 加奈,accept,E3
2026-04-03 17:49:42,rika84@example.com,利用規約に同意する,8427760,山口 幹,accept,S0
2026-04-03 20:51:41,yokoabe@example.com,利用規約に同意する,4377518,藤原 浩,accept,S0
2026-04-03 21:43:05,fujiwarasotaro@example.net,利用規約に同意する,8694297,鈴木 充,accept,S0
2026-04-03 22:32:04,suzukisayuri@example.org,利用規約に同意する,1549140,山口 翔太,accept,S0
2026-04-04 00:18:28,iito@example.net,利用規約に同意する,4348816,藤田 修平,accept,E3
2026-04-04 00:55:33,ktakahashi@example.net,利用規約に同意する,8626326,三浦 七夏,denied,E1
2026-04-04 01:02:05,satoakira@example.com,利用規約に同意する,1533092,林 結衣,accept,E3
2026-04-04 01:02:40,taro26@example.net,利用規約に同意する,1541033,中島 里佳,accept,S0
2026-04-04 01:13:17,amatsumoto@example.org,利用規約に同意する,4525203,田中 香織,accept,E3
2026-04-04 02:17:32,yuitanaka@example.com,利用規約に同意する,8278282,中島 知実,accept,E3
2026-04-04 04:28:17,yamadajun@example.net,利用規約に同意する,1566088,清水 智也,accept,S0
2026-04-04 05:39:30,whasegawa@example.com,利用規約に同意する,8561712,佐藤 和也,accept,E3
2026-04-04 07:03:36,ftanaka@example.org,利用規約に同意する,8129131,渡辺 陽子,accept,S0
2026-04-04 08:15:25,kana94@example.net,利用規約に同意する,4572264,伊藤 花子,accept,E3
2026-04-04 08:19:01,yosuke71@example.net,利用規約に同意する,8499828,後藤 結衣,accept,E3
2026-04-04 08:30:56,rei01@example.com,利用規約に同意する,4692978,清水 裕美子,accept,S0
2026-04-04 09:08:29,yamazakihiroshi@example.com,利用規約に同意する,1536585,小川 翔太,accept,E3
2026-04-04 10:06:56,shohei60@example.org,利用規約に同意する,4209359,佐々木 涼平,denied,E1
2026-04-04 10:18:00,ghashimoto@example.com,利用規約に同意する,1572733,斎藤 知実,accept,E3
2026-04-04 13:01:51,sayuri81@example.net,利用規約に同意する,1561385,佐々木 春香,accept,S0
2026-04-04 13:17:39,hanako01@example.net,利用規約に同意する,1505754,松本 聡太郎,denied,E1
2026-04-04 13:28:04,suzukikazuya@example.com,利用規約に同意する,1598021,加藤 さゆり,accept,S0
2026-04-04 14:26:39,maedaakira@example.net,利用規約に同意する,8628183,後藤 加奈,denied,E1
2026-04-04 14:38:22,kondoharuka@example.com,利用規約に同意する,8111226,橋本 拓真,accept,E3
2026-04-04 14:46:47,rika97@example.net,利用規約に同意する,8120719,山口 洋介,accept,S0
2026-04-04 16:57:40,yumiko17@example.org,利用規約に同意する,4739110,池田 洋介,accept,E1
2026-04-04 17:08:50,osamu47@example.com,利用規約に同意する,8283521,山崎 亮介,accept,S0
2026-04-04 18:09:05,chiyoikeda@example.com,利用規約に同意する,8486577,渡辺 洋介,accept,S0
2026-04-04 18:12:23,okamotomai@example.net,利用規約に同意する,1531779,中村 淳,accept,S0
2026-04-04 23:12:07,rei01@example.com,利用規約に同意する,4692978,清水 裕美子,denied,E1
2026-04-05 01:45:44,tsubasahasegawa@example.net,利用規約に同意する,8277128,池田 淳,accept,E3
2026-04-05 05:52:07,yamaguchimomoko@example.org,利用規約に同意する,8644245,森 聡太郎,accept,E3
2026-04-05 06:25:06,takahashiasuka@example.net,利用規約に同意する,1583050,松本 あすか,accept,E3
2026-04-05 08:01:05,otarika@example.net,利用規約に同意する,8640425,鈴木 学,accept,S0
2026-04-05 08:09:30,miturukimura@example.org,利用規約に同意する,1532441,渡辺 学,accept,S0
2026-04-05 10:45:51,itohideki@example.org,利用規約に同意する,1558926,中島 香織,accept,E3
2026-04-05 10:57:17,ryosukehashimoto@example.net,利用規約に同意する,4316315,藤井 浩,accept,S0
2026-04-05 11:58:11,nanami56@example.net,利用規約に同意する,8210837,森 裕美子,accept,S0
2026-04-05 12:02:09,shota26@example.com,利用規約に同意する,8283606,福田 春香,accept,S0
2026-04-05 13:32:45,satoyoichi@example.com,利用規約に同意する,1502187,渡辺 太郎,accept,E3
2026-04-05 14:20:54,moriosamu@example.com,利用規約に同意する,1589709,田中 陽一,denied,E1
2026-04-05 15:29:57,junaoki@example.com,利用規約に同意する,1527973,高橋 幹,accept,E3
2026-04-05 15:42:57,rsato@example.net,利用規約に同意する,1543910,山田 学,accept,S0
2026-04-05 17:04:24,ishikawataichi@example.org,利用規約に同意する,1522439,渡辺 舞,accept,S0
2026-04-05 18:16:47,sikeda@example.net,利用規約に同意する,8415860,前田 明美,accept,E3
2026-04-05 20:20:58,shohei60@example.org,利用規約に同意する,4209359,佐々木 涼平,accept,S0
2026-04-05 22:04:52,lfukuda@example.net,利用規約に同意する,1533681,橋本 康弘,accept,S0
2026-04-05 22:08:02,dtanaka@example.com,利用規約に同意する,4549941,佐藤 加奈,accept,S0
2026-04-05 22:29:04,tsubasasakamoto@example.net,利用規約に同意する,8534688,佐藤 零,accept,S0
2026-04-05 22:50:57,kazuya60@example.net,利用規約に同意する,1548738,渡辺 亮介,accept,E3
2026-04-05 23:05:00,yamamotomai@example.org,利用規約に同意する,8680440,伊藤 加奈,accept,S0
2026-04-05 23:34:46,satotakuma@example.net,利用規約に同意する,8682616,石井 明美,accept,E3
2026-04-05 23:55:21,rsato@example.net,利用規約に同意する,8895525,藤原 桃子,accept,E1
2026-04-05 23:55:25,moriakira@example.com,利用規約に同意する,4161462,田中 香織,accept,S0
2026-04-06 00:01:27,takumafujita@example.net,利用規約に同意する,8454592,岡本 香織,accept,S0
2026-04-06 00:45:23,zkimura@example.net,利用規約に同意する,1536569,佐藤 明美,accept,E3
2026-04-06 01:22:12,katotakuma@example.com,利用規約に同意する,1575225,山本 千代,accept,S0
2026-04-06 01:33:23,yuiinoue@example.net,利用規約に同意する,8280623,田中 花子,accept,S0
2026-04-06 02:00:05,taro93@example.org,利用規約に同意する,4233119,坂本 涼平,accept,S0
2026-04-06 02:49:04,cwatanabe@example.org,利用規約に同意する,8346457,近藤 加奈,accept,E3
2026-04-06 08:19:35,kimurasotaro@example.com,利用規約に同意する,1548589,田中 直子,accept,E3
2026-04-06 09:35:27,naoko54@example.com,利用規約に同意する,4501792,佐藤 花子,accept,S0
2026-04-06 10:12:31,ptanaka@example.org,利用規約に同意する,1572534,中村 太郎,accept,S0
2026-04-06 10:43:42,satotaro@example.net,利用規約に同意する,4461112,中村 さゆり,accept,S0
2026-04-06 12:18:37,yoshidamomoko@example.com,利用規約に同意する,8179840,田中 涼平,accept,E3
2026-04-06 12:38:11,satomi55@example.com,利用規約に同意する,1572135,石川 加奈,accept,S0
2026-04-06 14:19:07,haruka78@example.net,利用規約に同意する,4161824,太田 聡太郎,accept,E3
2026-04-06 15:10:09,saitoyoko@example.com,利用規約に同意する,4618191,高橋 太郎,accept,E3
2026-04-06 16:09:19,kazuya60@example.net,利用規約に同意する,1548738,渡辺 亮介,accept,S0
2026-04-06 16:19:13,suzukiharuka@example.net,利用規約に同意する,1542233,松本 幹,accept,S0
2026-04-06 16:19:19,iokada@example.org,利用規約に同意する,1532077,吉田 太郎,accept,E3
2026-04-06 16:59:00,asukaito@example.net,利用規約に同意する,4490017,清水 充,accept,E3
2026-04-06 17:34:15,kazuya59@example.com,利用規約に同意する,1580610,坂本 智也,accept,S0
2026-04-06 20:37:29,znishimura@example.com,利用規約に同意する,1539085,後藤 美加子,accept,E3
2026-04-06 20:43:22,yuki20@example.org,利用規約に同意する,4319198,岡本 千代,accept,S0
2026-04-06 20:51:07,takuma78@example.com,利用規約に同意する,1532411,佐藤 美加子,accept,S0
2026-04-06 22:15:36,hayashiosamu@example.com,利用規約に同意する,1593531,青木 淳,accept,E3
2026-04-06 22:16:57,ztanaka@example.org,利用規約に同意する,1543288,近藤 英樹,denied,E1
2026-04-07 00:09:13,saitoasuka@example.com,利用規約に同意する,1549672,中村 晃,accept,S0
2026-04-07 00:18:06,watanabehanako@example.net,利用規約に同意する,8189220,鈴木 修平,accept,E3
2026-04-07 00:53:00,tanakaryohei@example.org,利用規約に同意する,4559898,山本 花子,accept,E3
2026-04-07 01:35:25,yumikoyamamoto@example.org,利用規約に同意する,8447447,山口 七夏,accept,E3
2026-04-07 01:58:26,ishiiakemi@example.net,利用規約に同意する,4502050,吉田 治,accept,S0
2026-04-07 02:04:29,asukainoue@example.net,利用規約に同意する,4193525,橋本 拓真,accept,S0
2026-04-07 02:25:10,shotawatanabe@example.com,利用規約に同意する,4189167,中村 健一,accept,E3
2026-04-07 02:26:25,asuzuki@example.net,利用規約に同意する,1550639,阿部 亮介,accept,E3
2026-04-07 07:04:33,xmatsuda@example.net,利用規約に同意する,4147235,阿部 裕樹,accept,S0
2026-04-07 07:58:27,junkondo@example.net,利用規約に同意する,1535112,渡辺 治,accept,E3
2026-04-07 08:16:59,abeakira@example.com,利用規約に同意する,1579310,鈴木 裕太,accept,S0
2026-04-07 08:31:12,hanako34@example.net,利用規約に同意する,4612502,林 裕太,accept,S0
2026-04-07 08:39:22,yuki91@example.com,利用規約に同意する,1518344,阿部 京助,accept,E3
2026-04-07 08:46:44,iokada@example.org,利用規約に同意する,1532077,吉田 太郎,accept,S0
2026-04-07 09:41:36,satohanako@example.com,利用規約に同意する,8391988,佐々木 あすか,accept,S0
2026-04-07 10:54:50,zsato@example.net,利用規約に同意する,8305695,近藤 七夏,accept,S0
2026-04-07 10:56:57,yoko22@example.com,利用規約に同意する,1538654,伊藤 加奈,accept,S0
2026-04-07 11:50:23,jfujita@example.org,利用規約に同意する,1540539,山田 里佳,accept,S0
2026-04-07 15:32:11,ikedaakira@example.com,利用規約に同意する,4114208,中島 涼平,accept,E3
2026-04-07 16:32:17,sota@example.net,利用規約に同意する,8537345,佐藤 聡太郎,accept,S0
2026-04-07 16:41:55,mai29@example.com,利用規約に同意する,4211955,佐々木 あすか,accept,S0
2026-04-07 18:08:31,lnakamura@example.net,利用規約に同意する,1509835,高橋 太一,accept,S0
2026-04-07 20:14:55,yui83@example.net,利用規約に同意する,3072102,三浦 学,accept,E1
2026-04-07 20:27:07,naoto62@example.com,利用規約に同意する,4684108,斎藤 亮介,accept,S0
2026-04-07 20:37:26,htakahashi@example.org,利用規約に同意する,8539535,高橋 舞,accept,E3
2026-04-07 20:55:02,itokazuya@example.org,利用規約に同意する,1536129,岡田 治,accept,S0
2026-04-07 23:07:18,sayuriyamamoto@example.net,利用規約に同意する,4132591,鈴木 真綾,accept,S0
2026-04-07 23:48:44,endorika@example.com,利用規約に同意する,4175965,清水 桃子,accept,E3
