タイムスタンプ,メールアドレス,規約への同意,申請者の学籍番号,申請者の氏名,申請者の学生証写真,共同利用者の有無,共同利用者の学籍番号,共同利用者の氏名,階数希望選択（共同利用者なし）,階数希望選択（共同利用者あり）,結果
2026-04-01 00:41:57,chiyo93@example.com,利用規約に同意する,4654293,藤田 治,accept,共同利用者なし (2階・3階のロッカーは使用できません),,,4階,,S0
2026-04-01 00:47:39,suzukiryosuke@example.org,利用規約に同意する,1588184,木村 学,accept,共同利用者なし (2階・3階のロッカーは使用できません),,,6階,,E3
2026-04-01 00:55:10,kazuya69@example.net,利用規約に同意する,1556822,吉田 結衣,accept,共同利用者あり,4162071,中村 稔,,5階,S0
2026-04-01 00:55:15,lmaeda@example.com,利用規約に同意する,4659510,山本 七夏,accept,共同利用者あり,1530340,坂本 幹,,3階,E3
2026-04-01 00:58:40,qendo@example.net,利用規約に同意する,8283616,前田 真綾,accept,共同利用者あり,1556973,後藤 和也,,5階,S0
2026-04-01 01:51:39,suzukiryosuke@example.org,利用規約に同意する,1588184,木村 学,accept,共同利用者なし (2階・3階のロッカーは使用できません),,,4階,,E3
2026-04-01 01:55:36,nwatanabe@example.com,利用規約に同意する,4103442,中川 里佳,accept,共同利用者なし (2階・3階のロッカーは使用できません),,,5階,,S0
2026-04-01 02:05:50,shohei08@example.org,利用規約に同意する,4565771,小林 健一,accept,共同利用者なし (2階・3階のロッカーは使用できません),,,4階,,S0
2026-04-01 02:09:13,kimuramituru@example.net,利用規約に同意する,4277993,福田 加奈,accept,共同利用者なし (2階・3階のロッカーは使用できません),,,4階,,E3
2026-04-01 02:24:12,otamikako@example.com,利用規約に同意する,8311945,青木 太郎,accept,共同利用者なし (2階・3階のロッカーは使用できません),,,4階,,S0
2026-04-01 02:31:18,shota97@example.com,利用規約に同意する,8535179,田中 翔太,denied,共同利用者なし (2階・3階のロッカーは使用できません),,,6階,,E1
2026-04-01 02:31:36,abekaori@example.net,利用規約に同意する,4530886,小林 明美,accept,共同利用者なし (2階・3階のロッカーは使用できません),,,5階,,S0
2026-04-01 02:42:25,momoko41@example.org,利用規約に同意する,8623022,前田 香織,accept,共同利用者あり,4163277,森 稔,,2階,S0
2026-04-01 02:55:16,suzukinaoto@example.net,利用規約に同意する,1511813,中村 裕樹,accept,共同利用者なし (2階・3階のロッカーは使用できません),,,4階,,S0
2026-04-01 03:11:10,amatsumoto@example.org,利用規約に同意する,4525203,田中 香織,accept,共同利用者なし (2階・3階のロッカーは使用できません),,,4階,,E3
2026-04-01 03:20:59,akemi03@example.com,利用規約に同意する,1524530,渡辺 学,accept,共同利用者あり,8601257,山下 治,,5階,E3
2026-04-01 03:25:54,rei38@example.org,利用規約に同意する,2032044,岡田 太郎,accept,共同利用者なし (2階・3階のロッカーは使用できません),,,4階,,E1
2026-04-01 03:50:15,mai90@example.org,利用規約に同意する,4183318,岡本 真綾,accept,共同利用者なし (2階・3階のロッカーは使用できません),,,5階,,S0
2026-04-01 04:13:49,qnakajima@example.org,利用規約に同意する,8410084,佐藤 香織,denied,共同利用者なし (2階・3階のロッカーは使用できません),,,5階,,E1
2026-04-01 04:40:59,akemi03@example.com,利用規約に同意する,1524530,渡辺 学,accept,共同利用者あり,8601257,山下 治,,4階,E3
2026-04-01 04:43:47,myamaguchi@example.net,利用規約に同意する,1592013,高橋 里佳,accept,共同利用者なし (2階・3階のロッカーは使用できません),,,5階,,S0
2026-04-01 04:51:18,minorutakahashi@example.com,利用規約に同意する,4698059,中川 裕樹,accept,共同利用者なし (2階・3階のロッカーは使用できません),,,6階,,S0
2026-04-01 04:51:19,haruka78@example.net,利用規約に同意する,4161824,太田 聡太郎,accept,共同利用者なし (2階・3階のロッカーは使用できません),,,6階,,E3
2026-04-01 04:54:15,wwatanabe@example.net,利用規約に同意する,1530021,高橋 拓真,accept,共同利用者なし (2階・3階のロッカーは使用できません),,,4階,,S0
2026-04-01 05:19:12,mikakoyamada@example.com,利用規約に同意する,4271058,田中 浩,accept,共同利用者なし (2階・3階のロッカーは使用できません),,,6階,,S0
2026-04-01 05:59:02,hideki32@example.net,利用規約に同意する,1555057,藤田 七夏,denied,共同利用者なし (2階・3階のロッカーは使用できません),,,4階,,E1
2026-04-01 06:03:47,mikako11@example.org,利用規約に同意する,4334283,村上 明美,denied,共同利用者あり,1514408,田中 英樹,,4階,E1
2026-04-01 06:10:12,ryoheiyamashita@example.net,利用規約に同意する,1502490,佐藤 裕美子,accept,共同利用者なし (2階・3階のロッカーは使用できません),,,6階,,S0
2026-04-01 06:15:17,nanami10@example.org,利用規約に同意する,8798735,山崎 英樹,denied,共同利用者あり,4679395,佐藤 治,,5階,E1
2026-04-01 06:21:01,xsaito@example.com,利用規約に同意する,8310237,佐々木 亮介,accept,共同利用者あり,4612502,林 裕太,,3階,S0
2026-04-01 06:29:43,yamamotomomoko@example.org,利用規約に同意する,1529329,阿部 智也,accept,共同利用者なし (2階・3階のロッカーは使用できません),,,4階,,E3
2026-04-01 06:39:39,yoichiito@example.net,利用規約に同意する,4111995,佐藤 くみ子,accept,共同利用者あり,8484972,坂本 京助,,6階,S0
2026-04-01 06:52:02,tsubasa02@example.org,利用規約に同意する,4298366,阿部 香織,accept,共同利用者なし (2階・3階のロッカーは使用できません),,,4階,,E3
2026-04-01 07:44:34,kyamaguchi@example.net,利用規約に同意する,1532768,池田 真綾,accept,共同利用者あり,8576955,後藤 涼平,,4階,E3
2026-04-01 07:45:01,eogawa@example.net,利用規約に同意する,8307936,三浦 加奈,accept,共同利用者なし (2階・3階のロッカーは使用できません),,,5階,,S0
2026-04-01 07:55:43,yamamotomomoko@example.org,利用規約に同意する,1529329,阿部 智也,accept,共同利用者なし (2階・3階のロッカーは使用できません),,,5階,,S0
2026-04-01 08:13:21,tsubasa71@example.net,利用規約に同意する,4461727,山本 桃子,denied,共同利用者なし (2階・3階のロッカーは使用できません),,,5階,,E1
2026-04-01 08:28:54,mituru40@example.com,利用規約に同意する,4123392,鈴木 香織,accept,共同利用者なし (2階・3階のロッカーは使用できません),,,4階,,E3
2026-04-01 08:44:47,suzukimomoko@example.com,利用規約に同意する,8662739,伊藤 春香,accept,共同利用者なし (2階・3階のロッカーは使用できません),,,6階,,S0
2026-04-01 08:57:05,sakamotonaoto@example.com,利用規約に同意する,4457954,伊藤 香織,accept,共同利用者なし (2階・3階のロッカーは使用できません),,,6階,,S0
2026-04-01 09:28:45,yumiko16@example.com,利用規約に同意する,1537196,加藤 陽一,accept,共同利用者なし (2階・3階のロッカーは使用できません),,,5階,,E3
2026-04-01 09:29:48,yoko22@example.com,利用規約に同意する,1538654,伊藤 加奈,accept,共同利用者あり,4681070,藤田 里佳,,4階,E1
2026-04-01 09:33:51,hiroshi54@example.com,利用規約に同意する,8672845,佐藤 健一,accept,共同利用者なし (2階・3階のロッカーは使用できません),,,6階,,E3
2026-04-01 09:58:51,hiroshi54@example.com,利用規約に同意する,8672845,佐藤 健一,accept,共同利用者なし (2階・3階のロッカーは使用できません),,,3階,,E1
2026-04-01 10:17:37,yuki96@example.org,利用規約に同意する,8107944,鈴木 舞,accept,共同利用者なし (2階・3階のロッカーは使用できません),,,4階,,S0
2026-04-01 10:31:27,rika47@example.com,利用規約に同意する,8649674,井上 陽子,accept,共同利用者あり,4443874,林 千代,,3階,S0
2026-04-01 10:50:49,tomoyashimizu@example.net,利用規約に同意する,4480658,長谷川 拓真,accept,共同利用者なし (2階・3階のロッカーは使用できません),,,6階,,S0
2026-04-01 10:50:54,tsubasa02@example.org,利用規約に同意する,1540539,村上 花子,accept,共同利用者なし (2階・3階のロッカーは使用できません),,,4階,,E3
2026-04-01 11:17:55,akira99@example.org,利用規約に同意する,8383746,太田 加奈,accept,共同利用者あり,4454524,村上 あすか,,2階,E3
2026-04-01 11:30:11,ymori@example.org,利用規約に同意する,8277624,伊藤 晃,accept,共同利用者なし (2階・3階のロッカーは使用できません),,,6階,,S0
2026-04-01 11:35:51,nakamurataro@example.com,利用規約に同意する,2603248,前田 舞,accept,共同利用者なし (2階・3階のロッカーは使用できません),,,6階,,E1
2026-04-01 12:50:14,snishimura@example.com,利用規約に同意する,1526174,山崎 裕美子,accept,共同利用者なし (2階・3階のロッカーは使用できません),,,5階,,S0
2026-04-01 13:05:44,rei12@example.org,利用規約に同意する,4129939,池田 香織,accept,共同利用者なし (2階・3階のロッカーは使用できません),,,4階,,S0
2026-04-01 13:15:06,waoki@example.net,利用規約に同意する,4159432,長谷川 加奈,accept,共同利用者あり,8157176,森 くみ子,,6階,S0
2026-04-01 13:21:54,ttanaka@example.org,利用規約に同意する,4196467,田中 浩,accept,共同利用者あり,4463654,斎藤 加奈,,3階,S0
2026-04-01 13:48:08,kfujiwara@example.org,利用規約に同意する,4388652,中島 裕美子,accept,共同利用者なし (2階・3階のロッカーは使用できません),,,4階,,S0
2026-04-01 13:48:23,asukayoshida@example.com,利用規約に同意する,8615012,山本 康弘,accept,共同利用者あり,4519773,遠藤 さゆり,,6階,E3
2026-04-01 14:43:19,itanaka@example.org,利用規約に同意する,4293468,山口 淳,accept,共同利用者あり,4688930,中村 裕太,,4階,E3
2026-04-01 14:46:48,wsaito@example.net,利用規約に同意する,8729693,伊藤 京助,accept,共同利用者なし (2階・3階のロッカーは使用できません),,,4階,,E1
2026-04-01 15:23:31,momokohashimoto@example.net,利用規約に同意する,4566952,中村 くみ子,accept,共同利用者あり,4260249,後藤 修平,,3階,S0
2026-04-01 16:14:52,sasakiakemi@example.com,利用規約に同意する,1536099,後藤 洋介,accept,共同利用者なし (2階・3階のロッカーは使用できません),,,5階,,S0
2026-04-01 16:23:48,shoheihashimoto@example.net,利用規約に同意する,1532018,田中 結衣,accept,共同利用者あり,1537054,山崎 あすか,,2階,S0
2026-04-01 16:47:12,shotamiura@example.net,利用規約に同意する,1537752,佐藤 拓真,accept,共同利用者なし (2階・3階のロッカーは使用できません),,,5階,,E3
2026-04-01 17:09:54,maayakobayashi@example.org,利用規約に同意する,1561171,橋本 裕美子,accept,共同利用者なし (2階・3階のロッカーは使用できません),,,5階,,S0
2026-04-01 17:13:01,nishimurasatomi@example.com,利用規約に同意する,8401620,三浦 舞,accept,共同利用者あり,8826111,松田 花子,,3階,E1
2026-04-01 17:40:01,nishimurasatomi@example.com,利用規約に同意する,8401620,三浦 舞,accept,共同利用者あり,8826111,松田 花子,,3階,E1
2026-04-01 18:19:16,naoto61@example.net,利用規約に同意する,4677832,阿部 明美,denied,共同利用者なし (2階・3階のロッカーは使用できません),,,5階,,E1
2026-04-01 18:29:17,yuta07@example.com,利用規約に同意する,1543007,鈴木 知実,accept,共同利用者あり,1599663,森 零,,2階,E3
2026-04-01 18:37:25,nanami21@example.org,利用規約に同意する,8625825,遠藤 七夏,accept,共同利用者なし (2階・3階のロッカーは使用できません),,,4階,,S0
2026-04-01 19:25:26,mikakonakamura@example.org,利用規約に同意する,8290349,藤井 陽一,accept,共同利用者なし (2階・3階のロッカーは使用できません),,,4階,,S0
2026-04-01 19:35:07,jun04@example.org,利用規約に同意する,8590326,林 充,accept,共同利用者なし (2階・3階のロッカーは使用できません),,,6階,,E3
2026-04-01 19:44:15,takumashimizu@example.net,利用規約に同意する,8310336,太田 充,accept,共同利用者なし (2階・3階のロッカーは使用できません),,,5階,,S0
2026-04-01 20:00:24,takumasato@example.org,利用規約に同意する,4588395,高橋 治,denied,共同利用者なし (2階・3階のロッカーは使用できません),,,4階,,E1
2026-04-01 20:12:28,hanakohasegawa@example.com,利用規約に同意する,1543914,村上 くみ子,accept,共同利用者なし (2階・3階のロッカーは使用できません),,,5階,,E3
2026-04-01 20:34:44,usuzuki@example.com,利用規約に同意する,4563462,高橋 春香,accept,共同利用者なし (2階・3階のロッカーは使用できません),,,4階,,E3
2026-04-01 20:42:51,vyamada@example.org,利用規約に同意する,1536208,福田 学,accept,共同利用者なし (2階・3階のロッカーは使用できません),,,6階,,E3
2026-04-01 21:19:25,yoshidamanabu@example.org,利用規約に同意する,4510308,鈴木 裕太,accept,共同利用者あり,8257340,小林 直樹,,5階,E3
2026-04-01 21:33:50,taichiyamamoto@example.com,利用規約に同意する,4472869,伊藤 淳,accept,共同利用者なし (2階・3階のロッカーは使用できません),,,6階,,S0
2026-04-01 21:47:30,atsushi09@example.net,利用規約に同意する,8381689,渡辺 里佳,accept,共同利用者あり,4341904,前田 明美,,2階,E1
2026-04-01 22:02:27,akirasasaki@example.org,利用規約に同意する,4381289,山田 京助,accept,共同利用者あり,8517842,石川 拓真,,6階,E3
2026-04-01 22:04:13,taichi80@example.com,利用規約に同意する,4398567,阿部 健一,accept,共同利用者あり,4316315,藤井 浩,,6階,E3
2026-04-01 22:04:56,saitoyoko@example.com,利用規約に同意する,4618191,高橋 太郎,accept,共同利用者なし (2階・3階のロッカーは使用できません),,,5階,,E3
2026-04-01 22:37:05,sotaromatsumoto@example.net,利用規約に同意する,8576955,後藤 涼平,accept,共同利用者なし (2階・3階のロッカーは使用できません),,,4階,,S0
2026-04-01 22:44:25,gsuzuki@example.org,利用規約に同意する,8165811,加藤 七夏,accept,共同利用者なし (2階・3階のロッカーは使用できません),,,5階,,S0
2026-04-01 23:40:55,suzukiryosuke@example.org,利用規約に同意する,1588184,木村 学,accept,共同利用者なし (2階・3階のロッカーは使用できません),,,4階,,S0
2026-04-01 23:42:31,lkato@example.net,利用規約に同意する,1565323,斉藤 真綾,accept,共同利用者あり,8274277,鈴木 陽子,,3階,E3
2026-04-02 00:03:31,lkato@example.net,利用規約に同意する,1565323,斉藤 真綾,accept,共同利用者あり,8274277,鈴木 陽子,,6階,S0
2026-04-02 00:26:56,maayanakamura@example.org,利用規約に同意する,8476810,橋本 陽一,accept,共同利用者あり,4153088,遠藤 里佳,,4階,E3
2026-04-02 00:34:30,kana94@example.net,利用規約に同意する,4572264,伊藤 花子,accept,共同利用者なし (2階・3階のロッカーは使用できません),,,6階,,E3
2026-04-02 00:51:37,akemi75@example.com,利用規約に同意する,8150140,三浦 加奈,accept,共同利用者なし (2階・3階のロッカーは使用できません),,,6階,,E3
2026-04-02 01:14:37,akemi75@example.com,利用規約に同意する,8150140,三浦 加奈,accept,共同利用者なし (2階・3階のロッカーは使用できません),,,4階,,E3
2026-04-02 01:28:49,naoko54@example.com,利用規約に同意する,4501792,佐藤 花子,accept,共同利用者あり,8209807,伊藤 直子,,6階,E3
2026-04-02 01:30:07,katoshota@example.com,利用規約に同意する,8481973,太田 舞,accept,共同利用者あり,8225105,田中 明美,,5階,S0
2026-04-02 02:16:10,mai75@example.net,利用規約に同意する,1592925,高橋 浩,accept,共同利用者あり,8389687,田中 桃子,,5階,E3
2026-04-02 02:30:45,kondomiki@example.com,利用規約に同意する,4147052,佐藤 零,accept,共同利用者あり,4260249,後藤 修平,,5階,E3
2026-04-02 02:43:56,satohanako@example.com,利用規約に同意する,8391988,佐々木 あすか,accept,共同利用者なし (2階・3階のロッカーは使用できません),,,4階,,E3
2026-04-02 03:15:29,taichiyoshida@example.com,利用規約に同意する,8535972,佐藤 千代,accept,共同利用者なし (2階・3階のロッカーは使用できません),,,4階,,S0
2026-04-02 03:22:03,murakamimanabu@example.com,利用規約に同意する,4249807,藤井 裕樹,denied,共同利用者なし (2階・3階のロッカーは使用できません),,,6階,,E1
2026-04-02 03:47:33,nsaito@example.org,利用規約に同意する,4670373,吉田 淳,accept,共同利用者あり,4476064,伊藤 直子,,4階,E3
2026-04-02 04:21:34,hiroshi43@example.com,利用規約に同意する,4218465,太田 明美,accept,共同利用者なし (2階・3階のロッカーは使用できません),,,4階,,E3
2026-04-02 05:19:53,maayanakamura@example.org,利用規約に同意する,8476810,橋本 陽一,accept,共同利用者あり,4115213,佐藤 幹,,3階,E3
2026-04-02 05:25:47,atsushiyoshida@example.net,利用規約に同意する,8931775,長谷川 花子,accept,共同利用者なし (2階・3階のロッカーは使用できません),,,6階,,E1
2026-04-02 06:02:53,minorukimura@example.org,利用規約に同意する,1527681,佐々木 花子,denied,共同利用者なし (2階・3階のロッカーは使用できません),,,5階,,E1
2026-04-02 06:05:29,zkimura@example.net,利用規約に同意する,1536569,佐藤 明美,accept,共同利用者あり,1506755,山口 知実,,5階,E3
2026-04-02 06:12:44,tsubasa14@example.com,利用規約に同意する,1558554,山田 裕太,denied,共同利用者なし (2階・3階のロッカーは使用できません),,,5階,,E1
2026-04-02 06:18:55,iokada@example.org,利用規約に同意する,1532077,吉田 太郎,accept,共同利用者なし (2階・3階のロッカーは使用できません),,,4階,,E3
2026-04-02 06:19:22,yuki32@example.net,利用規約に同意する,4397853,斎藤 七夏,accept,共同利用者なし (2階・3階のロッカーは使用できません),,,4階,,S0
2026-04-02 06:21:28,inouehiroshi@example.net,利用規約に同意する,4640392,吉田 康弘,accept,共同利用者なし (2階・3階のロッカーは使用できません),,,5階,,S0
2026-04-02 06:21:29,zkimura@example.net,利用規約に同意する,1536569,佐藤 明美,accept,共同利用者あり,1506755,山口 知実,,4階,E3
2026-04-02 06:34:41,nanamimiura@example.net,利用規約に同意する,4350181,中川 知実,accept,共同利用者なし (2階・3階のロッカーは使用できません),,,4階,,E3
2026-04-02 06:44:35,tomoya41@example.org,利用規約に同意する,4295881,小林 充,accept,共同利用者なし (2階・3階のロッカーは使用できません),,,5階,,S0
2026-04-02 06:48:34,dgoto@example.net,利用規約に同意する,1516274,吉田 翔太,accept,共同利用者なし (2階・3階のロッカーは使用できません),,,5階,,E3
2026-04-02 06:56:56,sayuri64@example.com,利用規約に同意する,1518289,太田 篤司,accept,共同利用者なし (2階・3階のロッカーは使用できません),,,5階,,S0
2026-04-02 07:00:15,tomoyamurakami@example.net,利用規約に同意する,8573620,加藤 加奈,accept,共同利用者あり,1549672,中村 晃,,5階,S0
2026-04-02 07:18:25,qmaeda@example.com,利用規約に同意する,1540768,小林 香織,accept,共同利用者なし (2階・3階のロッカーは使用できません),,,5階,,S0
2026-04-02 07:20:31,rika65@example.com,利用規約に同意する,8641245,佐藤 修平,accept,共同利用者なし (2階・3階のロッカーは使用できません),,,5階,,E3
2026-04-02 07:30:01,naokimatsumoto@example.com,利用規約に同意する,8491146,鈴木 裕美子,accept,共同利用者なし (2階・3階のロッカーは使用できません),,,4階,,E3
2026-04-02 07:31:44,usuzuki@example.com,利用規約に同意する,4563462,高橋 春香,accept,共同利用者なし (2階・3階のロッカーは使用できません),,,4階,,S0
2026-04-02 07:35:34,dgoto@example.net,利用規約に同意する,1516274,吉田 翔太,accept,共同利用者なし (2階・3階のロッカーは使用できません),,,6階,,S0
2026-04-02 07:39:17,kondomai@example.org,利用規約に同意する,8445054,後藤 里佳,denied,共同利用者あり,1502187,渡辺 太郎,,3階,E1
2026-04-02 07:41:00,yuta76@example.net,利用規約に同意する,4477862,斉藤 里佳,accept,共同利用者なし (2階・3階のロッカーは使用できません),,,5階,,S0
2026-04-02 07:47:13,suzukikenichi@example.org,利用規約に同意する,1589733,松本 陽子,accept,共同利用者なし (2階・3階のロッカーは使用できません),,,5階,,E3
2026-04-02 07:48:39,miki04@example.org,利用規約に同意する,4599193,加藤 直人,denied,共同利用者なし (2階・3階のロッカーは使用できません),,,6階,,E1
2026-04-02 07:50:56,tomoya70@example.org,利用規約に同意する,1571932,石川 太一,accept,共同利用者あり,1587584,三浦 裕美子,,2階,S0
2026-04-02 08:32:59,rsato@example.net,利用規約に同意する,8895525,藤原 桃子,accept,共同利用者なし (2階・3階のロッカーは使用できません),,,4階,,E1
2026-04-02 08:47:59,rsato@example.net,利用規約に同意する,8895525,藤原 桃子,accept,共同利用者なし (2階・3階のロッカーは使用できません),,,2階,,E1
2026-04-02 09:36:55,tanakayumiko@example.net,利用規約に同意する,4401617,前田 千代,accept,共同利用者なし (2階・3階のロッカーは使用できません),,,4階,,S0
2026-04-02 10:05:05,suzukiyosuke@example.org,利用規約に同意する,1599663,森 零,accept,共同利用者なし (2階・3階のロッカーは使用できません),,,4階,,E3
2026-04-02 10:09:50,rabe@example.com,利用規約に同意する,1570701,清水 充,denied,共同利用者あり,1576638,後藤 洋介,,6階,E1
2026-04-02 10:54:27,kumikosuzuki@example.net,利用規約に同意する,8586499,木村 直子,accept,共同利用者なし (2階・3階のロッカーは使用できません),,,4階,,E3
2026-04-02 11:19:14,yamadajun@example.net,利用規約に同意する,1566088,清水 智也,accept,共同利用者なし (2階・3階のロッカーは使用できません),,,5階,,E3
2026-04-02 12:04:29,hanako29@example.org,利用規約に同意する,4552196,中村 香織,accept,共同利用者あり,4452383,佐藤 桃子,,5階,E3
2026-04-02 12:07:08,miturumatsumoto@example.org,利用規約に同意する,8401217,長谷川 真綾,accept,共同利用者あり,1583050,松本 あすか,,2階,E3
2026-04-02 12:13:49,rika88@example.com,利用規約に同意する,1531056,坂本 太郎,accept,共同利用者なし (2階・3階のロッカーは使用できません),,,5階,,S0
2026-04-02 12:21:02,yuki91@example.com,利用規約に同意する,1518344,阿部 京助,denied,共同利用者なし (2階・3階のロッカーは使用できません),,,4階,,E1
2026-04-02 12:33:49,satorei@example.com,利用規約に同意する,8276858,小林 稔,accept,共同利用者なし (2階・3階のロッカーは使用できません),,,6階,,S0
2026-04-02 12:36:29,hanako29@example.org,利用規約に同意する,4552196,中村 香織,accept,共同利用者あり,4452383,佐藤 桃子,,4階,E3
2026-04-02 12:50:14,yamadajun@example.net,利用規約に同意する,1566088,清水 智也,accept,共同利用者なし (2階・3階のロッカーは使用できません),,,3階,,E1
2026-04-02 12:53:45,kobayashiyoko@example.net,利用規約に同意する,4441207,渡辺 舞,accept,共同利用者なし (2階・3階のロッカーは使用できません),,,6階,,E3
2026-04-02 12:59:51,ryoheiyamamoto@example.net,利用規約に同意する,2364752,吉田 学,accept,共同利用者なし (2階・3階のロッカーは使用できません),,,5階,,E1
2026-04-02 13:02:20,tomoya75@example.org,利用規約に同意する,1543383,山本 桃子,accept,共同利用者なし (2階・3階のロッカーは使用できません),,,4階,,S0
2026-04-02 13:26:16,sota@example.net,利用規約に同意する,8537345,佐藤 聡太郎,accept,共同利用者あり,4528953,坂本 和也,,4階,E3
2026-04-02 13:49:19,hayashiosamu@example.com,利用規約に同意する,1593531,青木 淳,accept,共同利用者なし (2階・3階のロッカーは使用できません),,,5階,,E3
2026-04-02 14:05:06,lmaeda@example.com,利用規約に同意する,4659510,山本 七夏,denied,共同利用者あり,8494510,佐藤 篤司,,3階,E1
2026-04-02 14:13:51,cnakamura@example.org,利用規約に同意する,8317054,鈴木 亮介,accept,共同利用者なし (2階・3階のロッカーは使用できません),,,4階,,S0
2026-04-02 15:13:23,bhashimoto@example.net,利用規約に同意する,4468690,林 香織,accept,共同利用者なし (2階・3階のロッカーは使用できません),,,5階,,S0
2026-04-02 15:21:11,yoichiito@example.net,利用規約に同意する,4111995,佐藤 くみ子,denied,共同利用者なし (2階・3階のロッカーは使用できません),,,6階,,E1
2026-04-02 15:50:53,aokiyoko@example.net,利用規約に同意する,4588083,佐藤 直人,accept,共同利用者あり,1505772,吉田 知実,,6階,E3
2026-04-02 15:52:59,xito@example.com,利用規約に同意する,1508609,斎藤 智也,accept,共同利用者あり,1534365,伊藤 篤司,,6階,E3
2026-04-02 16:27:36,ogawahideki@example.org,利用規約に同意する,1505943,田中 直人,accept,共同利用者あり,4168937,山田 康弘,,2階,E3
2026-04-02 16:28:53,itominoru@example.net,利用規約に同意する,4195006,田中 美加子,accept,共同利用者あり,8562957,岡本 直子,,2階,E3
2026-04-02 16:32:02,yamashitamiki@example.org,利用規約に同意する,8261261,吉田 晃,accept,共同利用者なし (2階・3階のロッカーは使用できません),,,4階,,S0
2026-04-02 16:39:59,satomifukuda@example.com,利用規約に同意する,8303794,田中 真綾,accept,共同利用者なし (2階・3階のロッカーは使用できません),,,6階,,S0
2026-04-02 16:44:24,habe@example.org,利用規約に同意する,1553788,岡田 浩,accept,共同利用者あり,4141704,阿部 陽子,,6階,E1
2026-04-02 17:17:13,rika65@example.com,利用規約に同意する,8641245,佐藤 修平,accept,共同利用者なし (2階・3階のロッカーは使用できません),,,5階,,S0
2026-04-02 17:33:39,suzukihiroshi@example.org,利用規約に同意する,1518136,中村 拓真,accept,共同利用者あり,4739110,池田 洋介,,4階,E1
2026-04-02 17:47:42,htanaka@example.org,利用規約に同意する,1514371,佐藤 結衣,accept,共同利用者あり,4116284,山本 里佳,,3階,S0
2026-04-02 18:10:04,miturumaeda@example.org,利用規約に同意する,1564282,池田 香織,denied,共同利用者あり,1592925,高橋 浩,,4階,E1
2026-04-02 18:58:27,katotakuma@example.net,利用規約に同意する,8313624,吉田 裕太,accept,共同利用者なし (2階・3階のロッカーは使用できません),,,4階,,S0
2026-04-02 19:41:22,efujiwara@example.com,利用規約に同意する,8826111,松田 花子,denied,共同利用者なし (2階・3階のロッカーは使用できません),,,4階,,E1
2026-04-02 19:42:54,hideki11@example.com,利用規約に同意する,8716074,高橋 加奈,accept,共同利用者なし (2階・3階のロッカーは使用できません),,,5階,,E1
2026-04-02 19:43:07,kyosukeshimizu@example.org,利用規約に同意する,4344608,佐藤 零,accept,共同利用者なし (2階・3階のロッカーは使用できません),,,5階,,E3
2026-04-02 19:52:39,nishimurasatomi@example.com,利用規約に同意する,8401620,三浦 舞,accept,共同利用者あり,4385929,松本 春香,,6階,S0
2026-04-02 20:06:24,takahashichiyo@example.com,利用規約に同意する,1550703,森 陽子,accept,共同利用者なし (2階・3階のロッカーは使用できません),,,5階,,S0
2026-04-02 20:32:33,satomiyamada@example.com,利用規約に同意する,4669616,田中 裕美子,accept,共同利用者なし (2階・3階のロッカーは使用できません),,,6階,,E3
2026-04-02 20:35:02,akemi32@example.net,利用規約に同意する,4497771,小林 浩,accept,共同利用者なし (2階・3階のロッカーは使用できません),,,5階,,S0
2026-04-02 20:45:17,labe@example.net,利用規約に同意する,8358540,高橋 明美,accept,共同利用者あり,8389687,田中 桃子,,6階,S0
2026-04-02 20:58:39,yutakato@example.com,利用規約に同意する,4419671,渡辺 陽子,accept,共同利用者なし (2階・3階のロッカーは使用できません),,,5階,,E3
2026-04-02 21:09:37,dnakamura@example.org,利用規約に同意する,4434620,松田 桃子,accept,共同利用者あり,2169534,山崎 涼平,,2階,E1
2026-04-02 21:09:40,bito@example.net,利用規約に同意する,4509666,渡辺 直子,accept,共同利用者あり,8189282,中村 桃子,,5階,S0
2026-04-02 21:20:37,xshimizu@example.org,利用規約に同意する,4585323,山口 あすか,denied,共同利用者あり,4277993,福田 加奈,,6階,E1
2026-04-02 21:34:00,nanamimiura@example.net,利用規約に同意する,4350181,中川 知実,accept,共同利用者なし (2階・3階のロッカーは使用できません),,,6階,,S0
2026-04-02 21:53:17,hideki21@example.com,利用規約に同意する,4400611,加藤 舞,accept,共同利用者なし (2階・3階のロッカーは使用できません),,,4階,,S0
2026-04-02 21:56:33,satomiyamada@example.com,利用規約に同意する,4669616,田中 裕美子,accept,共同利用者なし (2階・3階のロッカーは使用できません),,,6階,,S0
2026-04-02 22:29:33,tanakaryohei@example.org,利用規約に同意する,4559898,山本 花子,accept,共同利用者あり,1587062,斉藤 直子,,4階,E3
2026-04-02 22:34:00,nanamimiura@example.net,利用規約に同意する,4350181,中川 知実,accept,共同利用者なし (2階・3階のロッカーは使用できません),,,2階,,E1
2026-04-02 22:34:41,kondomituru@example.net,利用規約に同意する,1532053,前田 洋介,accept,共同利用者なし (2階・3階のロッカーは使用できません),,,6階,,S0
2026-04-02 23:01:17,saitokaori@example.net,利用規約に同意する,1516864,山口 学,accept,共同利用者あり,4272362,佐藤 晃,,3階,S0
2026-04-02 23:25:24,ryohei67@example.com,利用規約に同意する,4310208,吉田 裕美子,accept,共同利用者なし (2階・3階のロッカーは使用できません),,,4階,,E3
2026-04-02 23:38:03,atsushihashimoto@example.org,利用規約に同意する,1530490,岡田 加奈,accept,共同利用者あり,4368551,橋本 裕太,,3階,E3
2026-04-03 00:36:32,ashimizu@example.net,利用規約に同意する,1543228,高橋 裕美子,accept,共同利用者あり,8615012,山本 康弘,,4階,S0
2026-04-03 01:32:20,yuta48@example.org,利用規約に同意する,1559251,高橋 美加子,accept,共同利用者なし (2階・3階のロッカーは使用できません),,,5階,,E3
2026-04-03 01:35:23,naokiabe@example.org,利用規約に同意する,1539008,長谷川 学,accept,共同利用者あり,8588150,佐々木 舞,,3階,S0
2026-04-03 01:39:08,xkimura@example.net,利用規約に同意する,8538058,吉田 陽子,accept,共同利用者なし (2階・3階のロッカーは使用できません),,,5階,,S0
2026-04-03 01:59:25,yui64@example.com,利用規約に同意する,1575631,山下 修平,accept,共同利用者なし (2階・3階のロッカーは使用できません),,,6階,,S0
2026-04-03 02:10:05,yaoki@example.net,利用規約に同意する,8227082,佐々木 和也,accept,共同利用者なし (2階・3階のロッカーは使用できません),,,6階,,S0
2026-04-03 02:22:20,yuta48@example.org,利用規約に同意する,1559251,高橋 美加子,accept,共同利用者なし (2階・3階のロッカーは使用できません),,,2階,,E1
2026-04-03 02:33:48,pishii@example.org,利用規約に同意する,4471371,木村 幹,accept,共同利用者なし (2階・3階のロッカーは使用できません),,,5階,,S0
2026-04-03 02:49:36,haruka46@example.org,利用規約に同意する,1559130,山本 里佳,accept,共同利用者なし (2階・3階のロッカーは使用できません),,,4階,,S0
2026-04-03 03:34:20,mikimurakami@example.com,利用規約に同意する,1583283,伊藤 さゆり,accept,共同利用者なし (2階・3階のロッカーは使用できません),,,6階,,S0
2026-04-03 04:41:21,tsubasa14@example.com,利用規約に同意する,1558554,山田 裕太,accept,共同利用者なし (2階・3階のロッカーは使用できません),,,5階,,E3
2026-04-03 04:49:02,abeyuki@example.net,利用規約に同意する,8486413,佐藤 美加子,denied,共同利用者なし (2階・3階のロッカーは使用できません),,,4階,,E1
2026-04-03 05:33:43,hiroshisuzuki@example.com,利用規約に同意する,1550910,山本 千代,accept,共同利用者あり,4159432,長谷川 加奈,,4階,E3
2026-04-03 06:04:16,ryohei50@example.net,利用規約に同意する,4528953,坂本 和也,accept,共同利用者なし (2階・3階のロッカーは使用できません),,,6階,,S0
2026-04-03 06:07:39,yutakato@example.com,利用規約に同意する,4419671,渡辺 陽子,accept,共同利用者あり,8307266,田中 七夏,,5階,S0
2026-04-03 06:19:51,yamadayasuhiro@example.com,利用規約に同意する,4685180,森 裕太,accept,共同利用者なし (2階・3階のロッカーは使用できません),,,6階,,E3
2026-04-03 06:42:23,tsubasa02@example.org,利用規約に同意する,4298366,阿部 香織,accept,共同利用者なし (2階・3階のロッカーは使用できません),,,5階,,S0
2026-04-03 07:11:10,okadayuki@example.com,利用規約に同意する,8670687,山崎 智也,accept,共同利用者あり,1551747,高橋 翼,,5階,S0
2026-04-03 07:11:33,sayuriyoshida@example.org,利用規約に同意する,8208142,西村 充,accept,共同利用者なし (2階・3階のロッカーは使用できません),,,6階,,S0
2026-04-03 07:57:06,mikako11@example.org,利用規約に同意する,4334283,村上 明美,accept,共同利用者なし (2階・3階のロッカーは使用できません),,,4階,,S0
2026-04-03 08:16:31,mituruhasegawa@example.com,利用規約に同意する,8250940,小川 拓真,accept,共同利用者なし (2階・3階のロッカーは使用できません),,,6階,,S0
2026-04-03 08:34:33,kyosukeshimizu@example.org,利用規約に同意する,4344608,佐藤 零,accept,共同利用者なし (2階・3階のロッカーは使用できません),,,4階,,S0
2026-04-03 08:45:59,atsushi63@example.com,利用規約に同意する,4359638,高橋 春香,denied,共同利用者あり,1536025,渡辺 亮介,,6階,E1
2026-04-03 08:55:27,jun04@example.org,利用規約に同意する,8590326,林 充,accept,共同利用者あり,1532768,池田 真綾,,2階,S0
2026-04-03 09:10:11,kobayashiyoko@example.net,利用規約に同意する,4441207,渡辺 舞,accept,共同利用者なし (2階・3階のロッカーは使用できません),,,4階,,E3
2026-04-03 09:19:38,lmaeda@example.com,利用規約に同意する,4659510,山本 七夏,accept,共同利用者あり,8640425,鈴木 学,,4階,S0
2026-04-03 10:01:23,kondomomoko@example.net,利用規約に同意する,1505482,林 太一,accept,共同利用者なし (2階・3階のロッカーは使用できません),,,4階,,S0
2026-04-03 10:01:24,sikeda@example.net,利用規約に同意する,1504763,岡田 美加子,accept,共同利用者なし (2階・3階のロッカーは使用できません),,,4階,,E3
2026-04-03 10:04:50,hanako41@example.org,利用規約に同意する,4250164,前田 くみ子,accept,共同利用者なし (2階・3階のロッカーは使用できません),,,6階,,S0
2026-04-03 10:24:59,yamaguchimanabu@example.net,利用規約に同意する,4184497,太田 英樹,accept,共同利用者なし (2階・3階のロッカーは使用できません),,,6階,,S0
2026-04-03 10:31:10,asuka35@example.net,利用規約に同意する,8178240,遠藤 陽一,accept,共同利用者あり,4381691,近藤 幹,,6階,E3
2026-04-03 10:43:32,satohanako@example.com,利用規約に同意する,8391988,佐々木 あすか,accept,共同利用者あり,4525203,田中 香織,,6階,E3
2026-04-03 10:56:51,yasuhiro73@example.net,利用規約に同意する,1549009,田中 裕樹,accept,共同利用者なし (2階・3階のロッカーは使用できません),,,6階,,S0
2026-04-03 11:18:38,mikako63@example.com,利用規約に同意する,8568493,高橋 千代,denied,共同利用者なし (2階・3階のロッカーは使用できません),,,6階,,E1
2026-04-03 11:47:38,naoki20@example.org,利用規約に同意する,8245656,中川 晃,accept,共同利用者なし (2階・3階のロッカーは使用できません),,,4階,,S0
2026-04-03 11:52:53,akirasasaki@example.org,利用規約に同意する,4381289,山田 京助,accept,共同利用者なし (2階・3階のロッカーは使用できません),,,6階,,S0
2026-04-03 12:02:22,osamu45@example.com,利用規約に同意する,8518625,佐藤 さゆり,accept,共同利用者なし (2階・3階のロッカーは使用できません),,,6階,,S0
2026-04-03 12:07:58,shota79@example.com,利用規約に同意する,1524901,佐藤 香織,accept,共同利用者なし (2階・3階のロッカーは使用できません),,,6階,,S0
2026-04-03 12:10:08,miki91@example.org,利用規約に同意する,1521798,岡田 翔太,accept,共同利用者あり,8798735,山崎 英樹,,5階,E1
2026-04-03 12:14:45,satomaaya@example.net,利用規約に同意する,4457733,小川 康弘,accept,共同利用者なし (2階・3階のロッカーは使用できません),,,4階,,E3
2026-04-03 12:28:29,takuma78@example.com,利用規約に同意する,1532411,佐藤 美加子,accept,共同利用者なし (2階・3階のロッカーは使用できません),,,5階,,E3
2026-04-03 12:31:49,takahashinaoko@example.com,利用規約に同意する,8282323,山田 和也,accept,共同利用者なし (2階・3階のロッカーは使用できません),,,5階,,S0
2026-04-03 12:38:38,ogawahideki@example.org,利用規約に同意する,1505943,田中 直人,accept,共同利用者なし (2階・3階のロッカーは使用できません),,,6階,,S0
2026-04-03 12:49:02,kaori38@example.net,利用規約に同意する,8482149,佐藤 太一,accept,共同利用者なし (2階・3階のロッカーは使用できません),,,5階,,E3
2026-04-03 12:50:53,akirasasaki@example.org,利用規約に同意する,4381289,山田 京助,accept,共同利用者なし (2階・3階のロッカーは使用できません),,,3階,,E1
2026-04-03 12:53:45,ishiiakemi@example.net,利用規約に同意する,4502050,吉田 治,accept,共同利用者あり,4434524,佐藤 陽子,,6階,E3
2026-04-03 13:14:45,tsubasa14@example.com,利用規約に同意する,1558554,山田 裕太,accept,共同利用者なし (2階・3階のロッカーは使用できません),,,4階,,S0
2026-04-03 13:25:06,sotarosasaki@example.com,利用規約に同意する,1508992,山本 治,accept,共同利用者なし (2階・3階のロッカーは使用できません),,,5階,,E3
2026-04-03 13:27:59,asukaito@example.net,利用規約に同意する,4490017,清水 充,accept,共同利用者なし (2階・3階のロッカーは使用できません),,,6階,,E3
2026-04-03 13:35:02,kaori38@example.net,利用規約に同意する,8482149,佐藤 太一,accept,共同利用者なし (2階・3階のロッカーは使用できません),,,3階,,E1
2026-04-03 13:49:42,asuzuki@example.net,利用規約に同意する,1550639,阿部 亮介,accept,共同利用者なし (2階・3階のロッカーは使用できません),,,4階,,E3
2026-04-03 13:56:32,jtakahashi@example.net,利用規約に同意する,2854548,中村 加奈,accept,共同利用者なし (2階・3階のロッカーは使用できません),,,4階,,E1
2026-04-03 14:00:26,hyoshida@example.org,利用規約に同意する,8296948,伊藤 直子,accept,共同利用者なし (2階・3階のロッカーは使用できません),,,6階,,S0
2026-04-03 14:01:12,osamusato@example.net,利用規約に同意する,8366469,中川 幹,accept,共同利用者あり,4591248,松本 花子,,3階,E3
2026-04-03 14:21:37,hishii@example.org,利用規約に同意する,4300395,松田 淳,accept,共同利用者なし (2階・3階のロッカーは使用できません),,,6階,,S0
2026-04-03 14:43:01,sota@example.net,利用規約に同意する,8537345,佐藤 聡太郎,denied,共同利用者なし (2階・3階のロッカーは使用できません),,,6階,,E1
2026-04-03 14:51:04,esato@example.net,利用規約に同意する,8634522,吉田 裕美子,accept,共同利用者あり,1574967,清水 陽子,,3階,E1
2026-04-03 15:39:24,bfujita@example.net,利用規約に同意する,1595768,中村 裕太,accept,共同利用者なし (2階・3階のロッカーは使用できません),,,4階,,S0
2026-04-03 15:43:10,minoru27@example.net,利用規約に同意する,8210592,橋本 翼,accept,共同利用者なし (2階・3階のロッカーは使用できません),,,6階,,S0
2026-04-03 16:15:49,inouenaoki@example.org,利用規約に同意する,8492340,田中 涼平,accept,共同利用者あり,4647943,斎藤 稔,,6階,E3
2026-04-03 16:19:50,eyamazaki@example.org,利用規約に同意する,8632613,藤井 充,accept,共同利用者なし (2階・3階のロッカーは使用できません),,,4階,,S0
2026-04-03 16:37:18,sotaro56@example.com,利用規約に同意する,4659473,小川 知実,accept,共同利用者なし (2階・3階のロッカーは使用できません),,,4階,,S0
2026-04-03 16:38:38,watanabeatsushi@example.net,利用規約に同意する,8555591,松田 結衣,accept,共同利用者なし (2階・3階のロッカーは使用できません),,,4階,,S0
2026-04-03 17:55:22,tanakatsubasa@example.net,利用規約に同意する,1506322,小林 桃子,accept,共同利用者なし (2階・3階のロッカーは使用できません),,,4階,,S0
2026-04-03 17:55:38,yuiinoue@example.net,利用規約に同意する,8280623,田中 花子,denied,共同利用者なし (2階・3階のロッカーは使用できません),,,6階,,E1
2026-04-03 18:02:42,itominoru@example.net,利用規約に同意する,4195006,田中 美加子,accept,共同利用者あり,8427760,山口 幹,,6階,S0
2026-04-03 18:23:25,yamaguchisatomi@example.net,利用規約に同意する,4507026,中島 晃,accept,共同利用者なし (2階・3階のロッカーは使用できません),,,4階,,E3
2026-04-03 19:28:45,inouemaaya@example.com,利用規約に同意する,8444597,鈴木 零,accept,共同利用者なし (2階・3階のロッカーは使用できません),,,6階,,E3
2026-04-03 19:38:12,suzukiharuka@example.net,利用規約に同意する,1542233,松本 幹,accept,共同利用者なし (2階・3階のロッカーは使用できません),,,5階,,E3
2026-04-03 19:50:31,manabushimizu@example.net,利用規約に同意する,8385097,吉田 明美,accept,共同利用者なし (2階・3階のロッカーは使用できません),,,5階,,S0
2026-04-03 20:04:00,hanakoyamaguchi@example.net,利用規約に同意する,4633612,林 あすか,accept,共同利用者なし (2階・3階のロッカーは使用できません),,,4階,,S0
2026-04-03 20:28:48,gotonaoto@example.com,利用規約に同意する,8531365,長谷川 裕樹,accept,共同利用者なし (2階・3階のロッカーは使用できません),,,5階,,E3
2026-04-03 20:39:41,atsushi09@example.net,利用規約に同意する,8381689,渡辺 里佳,accept,共同利用者あり,4377518,藤原 浩,,2階,S0
2026-04-03 20:55:05,sayuri04@example.org,利用規約に同意する,8111406,松本 翼,accept,共同利用者あり,8694297,鈴木 充,,6階,S0
2026-04-03 21:31:44,zwatanabe@example.net,利用規約に同意する,8103718,山田 陽一,denied,共同利用者なし (2階・3階のロッカーは使用できません),,,6階,,E1
2026-04-03 21:39:45,rika46@example.org,利用規約に同意する,1527710,高橋 裕美子,accept,共同利用者なし (2階・3階のロッカーは使用できません),,,5階,,E3
2026-04-03 21:41:48,gotonaoto@example.com,利用規約に同意する,8531365,長谷川 裕樹,accept,共同利用者なし (2階・3階のロッカーは使用できません),,,5階,,S0
2026-04-03 22:06:41,vmatsumoto@example.com,利用規約に同意する,8154948,石川 春香,denied,共同利用者なし (2階・3階のロッカーは使用できません),,,6階,,E1
2026-04-03 22:28:04,yamashitatomoya@example.org,利用規約に同意する,8271511,山崎 直子,accept,共同利用者あり,1549140,山口 翔太,,5階,S0
2026-04-03 22:43:41,ssuzuki@example.com,利用規約に同意する,8562324,渡辺 直子,accept,共同利用者なし (2階・3階のロッカーは使用できません),,,4階,,S0
2026-04-03 22:54:41,ssuzuki@example.com,利用規約に同意する,8562324,渡辺 直子,accept,共同利用者なし (2階・3階のロッカーは使用できません),,,3階,,E1
2026-04-03 23:03:53,yui83@example.net,利用規約に同意する,3072102,三浦 学,denied,共同利用者なし (2階・3階のロッカーは使用できません),,,4階,,E1
2026-04-03 23:42:35,vyamada@example.org,利用規約に同意する,1536208,福田 学,accept,共同利用者なし (2階・3階のロッカーは使用できません),,,5階,,S0
2026-04-04 00:06:28,ltanaka@example.com,利用規約に同意する,1594540,中島 真綾,denied,共同利用者あり,4348816,藤田 修平,,6階,E1
2026-04-04 00:38:17,momokomiura@example.com,利用規約に同意する,8102960,長谷川 美加子,accept,共同利用者あり,4525203,田中 香織,,5階,E3
2026-04-04 00:39:10,momoko30@example.com,利用規約に同意する,8214538,佐藤 直子,denied,共同利用者あり,8307936,三浦 加奈,,5階,E1
2026-04-04 00:40:09,rsuzuki@example.org,利用規約に同意する,8220922,中村 翼,accept,共同利用者なし (2階・3階のロッカーは使用できません),,,5階,,S0
2026-04-04 00:53:43,kyosukesaito@example.org,利用規約に同意する,8584278,藤井 裕美子,accept,共同利用者なし (2階・3階のロッカーは使用できません),,,5階,,S0
2026-04-04 01:01:05,ssato@example.net,利用規約に同意する,2313474,高橋 あすか,accept,共同利用者あり,1533092,林 結衣,,2階,E1
2026-04-04 01:08:40,inakajima@example.net,利用規約に同意する,4279415,吉田 晃,accept,共同利用者あり,1541033,中島 里佳,,3階,S0
2026-04-04 01:09:02,zkimura@example.net,利用規約に同意する,1536569,佐藤 明美,accept,共同利用者なし (2階・3階のロッカーは使用できません),,,6階,,E3
2026-04-04 01:24:05,ssato@example.net,利用規約に同意する,2313474,高橋 あすか,accept,共同利用者あり,1533092,林 結衣,,2階,E1
2026-04-04 01:34:45,inouenaoki@example.org,利用規約に同意する,8492340,田中 涼平,accept,共同利用者なし (2階・3階のロッカーは使用できません),,,4階,,S0
2026-04-04 01:35:33,taichi44@example.org,利用規約に同意する,1569002,佐々木 くみ子,accept,共同利用者あり,8626326,三浦 七夏,,4階,E3
2026-04-04 02:14:08,yuki58@example.com,利用規約に同意する,4320934,加藤 加奈,accept,共同利用者なし (2階・3階のロッカーは使用できません),,,5階,,S0
2026-04-04 02:28:03,ishikawakyosuke@example.net,利用規約に同意する,8315058,渡辺 加奈,accept,共同利用者なし (2階・3階のロッカーは使用できません),,,6階,,S0
2026-04-04 02:29:04,maayanakajima@example.net,利用規約に同意する,4203416,加藤 幹,accept,共同利用者なし (2階・3階のロッカーは使用できません),,,6階,,S0
2026-04-04 02:42:31,yamamototakuma@example.net,利用規約に同意する,1587416,中村 さゆり,accept,共同利用者なし (2階・3階のロッカーは使用できません),,,6階,,E3
2026-04-04 02:42:32,osamusato@example.net,利用規約に同意する,8366469,中川 幹,denied,共同利用者あり,8278282,中島 知実,,6階,E1
2026-04-04 02:46:00,cnakajima@example.com,利用規約に同意する,8290471,前田 明美,accept,共同利用者なし (2階・3階のロッカーは使用できません),,,6階,,E3
2026-04-04 02:47:16,kenichikato@example.net,利用規約に同意する,4112196,中島 春香,accept,共同利用者なし (2階・3階のロッカーは使用できません),,,5階,,S0
2026-04-04 03:23:37,takahashiyasuhiro@example.org,利用規約に同意する,1534282,山本 里佳,accept,共同利用者なし (2階・3階のロッカーは使用できません),,,6階,,S0
2026-04-04 03:36:31,yamamototakuma@example.net,利用規約に同意する,1587416,中村 さゆり,accept,共同利用者なし (2階・3階のロッカーは使用できません),,,5階,,S0
2026-04-04 03:40:35,qnakajima@example.org,利用規約に同意する,8410084,佐藤 香織,accept,共同利用者なし (2階・3階のロッカーは使用できません),,,6階,,S0
2026-04-04 03:46:24,lmaeda@example.net,利用規約に同意する,8428080,岡田 桃子,accept,共同利用者なし (2階・3階のロッカーは使用できません),,,4階,,E3
2026-04-04 03:47:04,gyoshida@example.com,利用規約に同意する,8247945,田中 さゆり,accept,共同利用者なし (2階・3階のロッカーは使用できません),,,5階,,S0
2026-04-04 03:54:35,usuzuki@example.net,利用規約に同意する,8411919,小林 千代,accept,共同利用者なし (2階・3階のロッカーは使用できません),,,6階,,S0
2026-04-04 04:23:38,maikato@example.org,利用規約に同意する,4668195,高橋 直子,accept,共同利用者なし (2階・3階のロッカーは使用できません),,,6階,,S0
2026-04-04 05:18:48,kenichi30@example.com,利用規約に同意する,4153088,遠藤 里佳,accept,共同利用者なし (2階・3階のロッカーは使用できません),,,6階,,S0
2026-04-04 05:26:17,sayuriyoshida@example.org,利用規約に同意する,4473912,田中 浩,accept,共同利用者あり,1566088,清水 智也,,5階,S0
2026-04-04 05:46:30,yuitakahashi@example.com,利用規約に同意する,4348760,山田 太郎,accept,共同利用者あり,8561712,佐藤 和也,,4階,E3
2026-04-04 05:50:03,lwatanabe@example.net,利用規約に同意する,4196650,前田 健一,accept,共同利用者なし (2階・3階のロッカーは使用できません),,,4階,,S0
2026-04-04 05:54:03,yumikomatsumoto@example.org,利用規約に同意する,1566237,林 舞,accept,共同利用者なし (2階・3階のロッカーは使用できません),,,4階,,S0
2026-04-04 06:29:13,nanami10@example.org,利用規約に同意する,8798735,山崎 英樹,accept,共同利用者なし (2階・3階のロッカーは使用できません),,,5階,,E1
2026-04-04 06:34:04,kendo@example.net,利用規約に同意する,4617132,斎藤 淳,accept,共同利用者なし (2階・3階のロッカーは使用できません),,,6階,,S0
2026-04-04 06:42:36,iyamada@example.org,利用規約に同意する,4579817,渡辺 翼,accept,共同利用者あり,8129131,渡辺 陽子,,5階,S0
2026-04-04 07:45:56,manabu32@example.net,利用規約に同意する,8145242,小林 和也,accept,共同利用者あり,4692978,清水 裕美子,,5階,S0
2026-04-04 07:57:36,taichi80@example.com,利用規約に同意する,4398567,阿部 健一,accept,共同利用者なし (2階・3階のロッカーは使用できません),,,6階,,E3
2026-04-04 08:25:50,yamazakikana@example.net,利用規約に同意する,1534675,小林 花子,accept,共同利用者なし (2階・3階のロッカーは使用できません),,,6階,,S0
2026-04-04 08:37:43,tanakahiroshi@example.com,利用規約に同意する,8411506,加藤 あすか,accept,共同利用者なし (2階・3階のロッカーは使用できません),,,4階,,S0
2026-04-04 08:53:36,yamadayasuhiro@example.com,利用規約に同意する,4685180,森 裕太,accept,共同利用者なし (2階・3階のロッカーは使用できません),,,5階,,S0
2026-04-04 08:55:29,miki61@example.org,利用規約に同意する,4449840,岡本 翼,accept,共同利用者なし (2階・3階のロッカーは使用できません),,,4階,,S0
2026-04-04 09:10:36,sasakiyosuke@example.com,利用規約に同意する,8966809,中川 洋介,accept,共同利用者なし (2階・3階のロッカーは使用できません),,,6階,,E1
2026-04-04 09:48:59,yui24@example.org,利用規約に同意する,8303390,加藤 真綾,accept,共同利用者なし (2階・3階のロッカーは使用できません),,,5階,,S0
2026-04-04 09:52:56,sayuritanaka@example.com,利用規約に同意する,8330903,伊藤 香織,accept,共同利用者あり,4209359,佐々木 涼平,,6階,S0
2026-04-04 10:18:00,nakajimarei@example.com,利用規約に同意する,4341904,前田 明美,accept,共同利用者あり,1572733,斎藤 知実,,3階,E3
2026-04-04 10:20:27,minorunakamura@example.org,利用規約に同意する,8384012,田中 京助,denied,共同利用者なし (2階・3階のロッカーは使用できません),,,6階,,E1
2026-04-04 10:30:26,kimurasotaro@example.com,利用規約に同意する,1548589,田中 直子,accept,共同利用者なし (2階・3階のロッカーは使用できません),,,6階,,E3
2026-04-04 10:51:27,minorunakamura@example.org,利用規約に同意する,8384012,田中 京助,denied,共同利用者なし (2階・3階のロッカーは使用できません),,,2階,,E1
2026-04-04 10:56:05,rika46@example.org,利用規約に同意する,1527710,高橋 裕美子,accept,共同利用者なし (2階・3階のロッカーは使用できません),,,4階,,S0
2026-04-04 11:05:01,hidekiinoue@example.net,利用規約に同意する,4591248,松本 花子,denied,共同利用者なし (2階・3階のロッカーは使用できません),,,4階,,E1
2026-04-04 11:31:03,nakagawashohei@example.net,利用規約に同意する,8492847,石川 香織,accept,共同利用者なし (2階・3階のロッカーは使用できません),,,4階,,S0
2026-04-04 11:55:48,kana34@example.net,利用規約に同意する,8422349,斎藤 直樹,denied,共同利用者なし (2階・3階のロッカーは使用できません),,,6階,,E1
2026-04-04 12:41:32,hidekiwatanabe@example.net,利用規約に同意する,1520365,佐藤 さゆり,accept,共同利用者なし (2階・3階のロッカーは使用できません),,,6階,,S0
2026-04-04 13:01:04,mituru01@example.net,利用規約に同意する,4167391,鈴木 涼平,accept,共同利用者あり,1598021,加藤 さゆり,,3階,S0
2026-04-04 13:10:01,naoki14@example.com,利用規約に同意する,4415825,鈴木 太一,accept,共同利用者なし (2階・3階のロッカーは使用できません),,,5階,,S0
2026-04-04 13:18:02,manabukondo@example.net,利用規約に同意する,1533386,佐藤 美加子,accept,共同利用者なし (2階・3階のロッカーは使用できません),,,6階,,S0
2026-04-04 13:23:39,takumasato@example.org,利用規約に同意する,4588395,高橋 治,accept,共同利用者あり,1505754,松本 聡太郎,,2階,E3
2026-04-04 13:33:11,hanako91@example.com,利用規約に同意する,4268303,青木 春香,accept,共同利用者なし (2階・3階のロッカーは使用できません),,,6階,,S0
2026-04-04 13:40:56,naoko46@example.net,利用規約に同意する,4334152,伊藤 拓真,denied,共同利用者なし (2階・3階のロッカーは使用できません),,,5階,,E1
2026-04-04 13:50:51,mituru76@example.com,利用規約に同意する,4523652,松本 太一,accept,共同利用者あり,1561385,佐々木 春香,,2階,S0
2026-04-04 13:59:11,suzukinaoki@example.org,利用規約に同意する,4670852,藤田 零,accept,共同利用者なし (2階・3階のロッカーは使用できません),,,4階,,E3
2026-04-04 14:11:22,kobayashikazuya@example.com,利用規約に同意する,8150134,伊藤 浩,accept,共同利用者あり,8111226,橋本 拓真,,4階,E3
2026-04-04 14:24:39,yamamotoyuki@example.com,利用規約に同意する,4611128,遠藤 春香,accept,共同利用者あり,8628183,後藤 加奈,,3階,E3
2026-04-04 14:25:02,manabukondo@example.net,利用規約に同意する,1533386,佐藤 美加子,accept,共同利用者なし (2階・3階のロッカーは使用できません),,,2階,,E1
2026-04-04 14:32:47,okamotoyuta@example.org,利用規約に同意する,8299858,三浦 亮介,accept,共同利用者あり,8120719,山口 洋介,,3階,S0
2026-04-04 14:38:21,kfujiwara@example.org,利用規約に同意する,4388652,中島 裕美子,accept,共同利用者あり,8245353,山本 くみ子,,3階,E1
2026-04-04 14:46:52,asuka98@example.com,利用規約に同意する,8202348,佐々木 香織,accept,共同利用者なし (2階・3階のロッカーは使用できません),,,4階,,E3
2026-04-04 14:55:29,kfujita@example.com,利用規約に同意する,1547329,中村 花子,accept,共同利用者なし (2階・3階のロッカーは使用できません),,,6階,,E3
2026-04-04 15:07:05,kumiko46@example.com,利用規約に同意する,8401044,近藤 浩,accept,共同利用者なし (2階・3階のロッカーは使用できません),,,5階,,S0
2026-04-04 15:26:00,chiyo85@example.net,利用規約に同意する,4547942,山口 聡太郎,accept,共同利用者なし (2階・3階のロッカーは使用できません),,,6階,,S0
2026-04-04 15:29:24,naoko69@example.org,利用規約に同意する,1516828,青木 裕美子,accept,共同利用者なし (2階・3階のロッカーは使用できません),,,6階,,S0
2026-04-04 15:56:52,asuka98@example.com,利用規約に同意する,8202348,佐々木 香織,accept,共同利用者なし (2階・3階のロッカーは使用できません),,,6階,,S0
2026-04-04 16:02:34,mai39@example.net,利用規約に同意する,4589989,田中 さゆり,accept,共同利用者なし (2階・3階のロッカーは使用できません),,,6階,,S0
2026-04-04 16:46:35,ytanaka@example.com,利用規約に同意する,4161674,石井 翼,accept,共同利用者なし (2階・3階のロッカーは使用できません),,,5階,,E3
2026-04-04 17:24:40,sayuri81@example.net,利用規約に同意する,1561385,佐々木 春香,accept,共同利用者あり,4739110,池田 洋介,,6階,E1
2026-04-04 17:31:53,yuta07@example.com,利用規約に同意する,1543007,鈴木 知実,accept,共同利用者なし (2階・3階のロッカーは使用できません),,,6階,,S0
2026-04-04 17:34:50,lmaeda@example.net,利用規約に同意する,8428080,岡田 桃子,accept,共同利用者あり,8283521,山崎 亮介,,5階,E3
2026-04-04 17:42:39,zsuzuki@example.org,利用規約に同意する,4526406,岡本 涼平,accept,共同利用者あり,1554053,森 亮介,,5階,E1
2026-04-04 17:45:24,uyamashita@example.com,利用規約に同意する,4540953,田中 篤司,accept,共同利用者なし (2階・3階のロッカーは使用できません),,,6階,,S0
2026-04-04 17:47:23,yokosakamoto@example.com,利用規約に同意する,1584886,伊藤 亮介,accept,共同利用者あり,1531779,中村 淳,,6階,S0
2026-04-04 17:47:56,taronakamura@example.net,利用規約に同意する,8532656,斉藤 直人,accept,共同利用者なし (2階・3階のロッカーは使用できません),,,5階,,S0
2026-04-04 17:49:50,lmaeda@example.net,利用規約に同意する,8428080,岡田 桃子,accept,共同利用者あり,8283521,山崎 亮介,,6階,S0
2026-04-04 17:50:38,yamadarika@example.com,利用規約に同意する,8549767,佐藤 真綾,accept,共同利用者なし (2階・3階のロッカーは使用できません),,,4階,,S0
2026-04-04 18:02:05,miturumaeda@example.org,利用規約に同意する,1564282,池田 香織,accept,共同利用者あり,8486577,渡辺 洋介,,6階,S0
2026-04-04 18:17:21,shoheikimura@example.com,利用規約に同意する,8407355,加藤 智也,accept,共同利用者なし (2階・3階のロッカーは使用できません),,,5階,,S0
2026-04-04 18:34:48,yuki22@example.com,利用規約に同意する,4387835,青木 康弘,accept,共同利用者あり,8215907,渡辺 七夏,,2階,E1
2026-04-04 18:43:32,yosuke02@example.org,利用規約に同意する,4254559,佐々木 香織,accept,共同利用者あり,1518004,藤井 あすか,,2階,E1
2026-04-04 20:08:40,dyamamoto@example.net,利用規約に同意する,8426465,高橋 陽一,accept,共同利用者なし (2階・3階のロッカーは使用できません),,,5階,,S0
2026-04-04 20:29:48,matsudamiki@example.net,利用規約に同意する,8540123,石川 太郎,accept,共同利用者なし (2階・3階のロッカーは使用できません),,,6階,,S0
2026-04-04 21:20:20,nakamuraatsushi@example.net,利用規約に同意する,4185798,岡本 直樹,accept,共同利用者なし (2階・3階のロッカーは使用できません),,,6階,,S0
2026-04-04 21:54:42,taichi80@example.com,利用規約に同意する,4398567,阿部 健一,accept,共同利用者なし (2階・3階のロッカーは使用できません),,,4階,,S0
2026-04-04 21:59:04,nishimuranaoko@example.com,利用規約に同意する,8324881,松田 直樹,accept,共同利用者なし (2階・3階のロッカーは使用できません),,,6階,,E3
2026-04-04 22:15:25,akemi96@example.net,利用規約に同意する,8684299,藤井 美加子,accept,共同利用者なし (2階・3階のロッカーは使用できません),,,4階,,S0
2026-04-04 22:25:26,fgoto@example.net,利用規約に同意する,8195804,山田 聡太郎,accept,共同利用者なし (2階・3階のロッカーは使用できません),,,4階,,S0
2026-04-04 22:43:11,tanakanaoko@example.net,利用規約に同意する,1505593,田中 修平,denied,共同利用者なし (2階・3階のロッカーは使用できません),,,5階,,E1
2026-04-05 00:01:01,ashimizu@example.org,利用規約に同意する,8481351,伊藤 花子,accept,共同利用者なし (2階・3階のロッカーは使用できません),,,4階,,E3
2026-04-05 00:11:07,znishimura@example.com,利用規約に同意する,1539085,後藤 美加子,accept,共同利用者あり,4692978,清水 裕美子,,5階,E3
2026-04-05 00:21:17,btanaka@example.net,利用規約に同意する,1515906,加藤 千代,accept,共同利用者なし (2階・3階のロッカーは使用できません),,,5階,,S0
2026-04-05 00:54:03,satohiroshi@example.net,利用規約に同意する,8204081,中村 智也,accept,共同利用者なし (2階・3階のロッカーは使用できません),,,5階,,S0
2026-04-05 01:37:11,mituru40@example.com,利用規約に同意する,4123392,鈴木 香織,accept,共同利用者なし (2階・3階のロッカーは使用できません),,,5階,,S0
2026-04-05 01:42:17,yasuhiro45@example.net,利用規約に同意する,4430715,田中 裕太,accept,共同利用者なし (2階・3階のロッカーは使用できません),,,4階,,S0
2026-04-05 02:17:18,kumikoishikawa@example.net,利用規約に同意する,8386951,山口 直樹,accept,共同利用者なし (2階・3階のロッカーは使用できません),,,4階,,S0
2026-04-05 02:29:44,suzukiharuka@example.net,利用規約に同意する,1542233,松本 幹,denied,共同利用者あり,8277128,池田 淳,,4階,E1
2026-04-05 02:54:12,kobayashishohei@example.org,利用規約に同意する,2813947,斎藤 零,accept,共同利用者なし (2階・3階のロッカーは使用できません),,,6階,,E1
2026-04-05 03:13:45,kana49@example.org,利用規約に同意する,1558529,吉田 洋介,accept,共同利用者なし (2階・3階のロッカーは使用できません),,,5階,,E3
2026-04-05 03:43:55,tomoya41@example.org,利用規約に同意する,4295881,小林 充,accept,共同利用者あり,8617927,山本 裕美子,,6階,E1
2026-04-05 03:46:29,satominoru@example.org,利用規約に同意する,1519313,長谷川 康弘,accept,共同利用者なし (2階・3階のロッカーは使用できません),,,6階,,S0
2026-04-05 05:01:07,bkimura@example.net,利用規約に同意する,1519735,加藤 智也,accept,共同利用者あり,8644245,森 聡太郎,,5階,E3
2026-04-05 05:11:51,tsubasasato@example.net,利用規約に同意する,4115213,佐藤 幹,accept,共同利用者なし (2階・3階のロッカーは使用できません),,,5階,,S0
2026-04-05 05:16:29,suzukinaoki@example.org,利用規約に同意する,4670852,藤田 零,accept,共同利用者なし (2階・3階のロッカーは使用できません),,,6階,,S0
2026-04-05 05:40:34,nishimuranaoko@example.com,利用規約に同意する,8324881,松田 直樹,accept,共同利用者なし (2階・3階のロッカーは使用できません),,,5階,,S0
2026-04-05 05:40:55,nakamurakenichi@example.net,利用規約に同意する,1575914,小林 京助,accept,共同利用者なし (2階・3階のロッカーは使用できません),,,6階,,S0
2026-04-05 05:49:42,mokamoto@example.net,利用規約に同意する,8580746,高橋 香織,accept,共同利用者なし (2階・3階のロッカーは使用できません),,,5階,,S0
2026-04-05 06:01:06,shoheisuzuki@example.net,利用規約に同意する,8455448,橋本 零,accept,共同利用者あり,1583050,松本 あすか,,5階,E3
2026-04-05 06:21:08,lnakamura@example.net,利用規約に同意する,1509835,高橋 太一,accept,共同利用者なし (2階・3階のロッカーは使用できません),,,5階,,E3
2026-04-05 06:27:43,endorika@example.com,利用規約に同意する,4175965,清水 桃子,accept,共同利用者なし (2階・3階のロッカーは使用できません),,,4階,,E3
2026-04-05 07:21:15,takuma39@example.net,利用規約に同意する,1534365,伊藤 篤司,accept,共同利用者なし (2階・3階のロッカーは使用できません),,,4階,,S0
2026-04-05 07:35:00,atsushihashimoto@example.org,利用規約に同意する,1530490,岡田 加奈,accept,共同利用者なし (2階・3階のロッカーは使用できません),,,6階,,S0
2026-04-05 07:39:05,nakamuraasuka@example.org,利用規約に同意する,4611953,佐藤 拓真,denied,共同利用者あり,8640425,鈴木 学,,6階,E1
2026-04-05 08:09:55,hanakotanaka@example.net,利用規約に同意する,4647943,斎藤 稔,accept,共同利用者なし (2階・3階のロッカーは使用できません),,,4階,,S0
2026-04-05 08:29:30,yuitakahashi@example.com,利用規約に同意する,4348760,山田 太郎,accept,共同利用者あり,1532441,渡辺 学,,5階,S0
2026-04-05 08:48:32,mai08@example.net,利用規約に同意する,4485267,山本 聡太郎,accept,共同利用者なし (2階・3階のロッカーは使用できません),,,4階,,E3
2026-04-05 09:10:32,mai08@example.net,利用規約に同意する,4485267,山本 聡太郎,accept,共同利用者なし (2階・3階のロッカーは使用できません),,,6階,,S0
2026-04-05 09:14:57,katotaichi@example.org,利用規約に同意する,8528972,鈴木 充,accept,共同利用者なし (2階・3階のロッカーは使用できません),,,6階,,S0
2026-04-05 09:19:44,satonaoko@example.com,利用規約に同意する,4434524,佐藤 陽子,accept,共同利用者なし (2階・3階のロッカーは使用できません),,,4階,,S0
2026-04-05 10:26:51,ishikawakyosuke@example.net,利用規約に同意する,8315058,渡辺 加奈,denied,共同利用者あり,1558926,中島 香織,,5階,E1
2026-04-05 11:02:09,takahashimaaya@example.net,利用規約に同意する,8113526,吉田 直子,accept,共同利用者なし (2階・3階のロッカーは使用できません),,,5階,,S0
2026-04-05 11:07:17,tsubasayamaguchi@example.com,利用規約に同意する,1599693,小林 修平,accept,共同利用者あり,4316315,藤井 浩,,2階,S0
2026-04-05 11:11:00,takahashitakuma@example.org,利用規約に同意する,8650667,石井 幹,accept,共同利用者なし (2階・3階のロッカーは使用できません),,,4階,,S0
2026-04-05 11:38:07,satomaaya@example.net,利用規約に同意する,4457733,小川 康弘,accept,共同利用者なし (2階・3階のロッカーは使用できません),,,5階,,E3
2026-04-05 11:50:36,mai40@example.net,利用規約に同意する,8206787,井上 陽一,accept,共同利用者なし (2階・3階のロッカーは使用できません),,,5階,,S0
2026-04-05 12:18:11,yutahayashi@example.org,利用規約に同意する,1573731,坂本 さゆり,accept,共同利用者あり,8210837,森 裕美子,,4階,S0
2026-04-05 12:26:41,qtakahashi@example.net,利用規約に同意する,8590496,井上 零,accept,共同利用者なし (2階・3階のロッカーは使用できません),,,5階,,S0
2026-04-05 12:35:09,osamu07@example.org,利用規約に同意する,4431946,高橋 千代,accept,共同利用者あり,8283606,福田 春香,,5階,S0
2026-04-05 13:25:45,yumiko16@example.com,利用規約に同意する,1537196,加藤 陽一,accept,共同利用者あり,1502187,渡辺 太郎,,5階,E3
2026-04-05 13:28:48,yutayamazaki@example.org,利用規約に同意する,8428893,中島 直人,denied,共同利用者なし (2階・3階のロッカーは使用できません),,,5階,,E1
2026-04-05 14:24:48,yutayamazaki@example.org,利用規約に同意する,8428893,中島 直人,denied,共同利用者なし (2階・3階のロッカーは使用できません),,,2階,,E1
2026-04-05 14:27:54,inouemaaya@example.com,利用規約に同意する,8444597,鈴木 零,accept,共同利用者あり,1589709,田中 陽一,,5階,E3
2026-04-05 14:36:25,nakamuramiki@example.org,利用規約に同意する,8562957,岡本 直子,accept,共同利用者なし (2階・3階のロッカーは使用できません),,,4階,,S0
2026-04-05 15:00:59,vmatsumoto@example.com,利用規約に同意する,8154948,石川 春香,accept,共同利用者なし (2階・3階のロッカーは使用できません),,,6階,,S0
2026-04-05 15:12:56,suzukiyumiko@example.net,利用規約に同意する,8417786,長谷川 智也,accept,共同利用者なし (2階・3階のロッカーは使用できません),,,5階,,S0
2026-04-05 15:21:29,kaorishimizu@example.com,利用規約に同意する,8898319,鈴木 くみ子,accept,共同利用者なし (2階・3階のロッカーは使用できません),,,5階,,E1
2026-04-05 15:21:30,cwatanabe@example.org,利用規約に同意する,8346457,近藤 加奈,accept,共同利用者なし (2階・3階のロッカーは使用できません),,,4階,,E3
2026-04-05 15:47:57,ukato@example.net,利用規約に同意する,1592778,西村 涼平,accept,共同利用者あり,1543910,山田 学,,5階,S0
2026-04-05 15:57:36,hanako29@example.org,利用規約に同意する,4552196,中村 香織,accept,共同利用者なし (2階・3階のロッカーは使用できません),,,4階,,S0
2026-04-05 16:09:57,hiroshisaito@example.com,利用規約に同意する,2946254,斎藤 知実,accept,共同利用者あり,1527973,高橋 幹,,2階,E1
2026-04-05 16:10:29,kaorishimizu@example.com,利用規約に同意する,8898319,鈴木 くみ子,accept,共同利用者なし (2階・3階のロッカーは使用できません),,,6階,,E1
2026-04-05 16:12:48,taichi75@example.net,利用規約に同意する,4643420,山田 あすか,accept,共同利用者なし (2階・3階のロッカーは使用できません),,,6階,,S0
2026-04-05 16:23:18,itoyoichi@example.org,利用規約に同意する,8621511,伊藤 明美,accept,共同利用者なし (2階・3階のロッカーは使用できません),,,6階,,S0
2026-04-05 16:52:45,ytanaka@example.com,利用規約に同意する,4161674,石井 翼,accept,共同利用者なし (2階・3階のロッカーは使用できません),,,4階,,S0
2026-04-05 16:58:24,nsato@example.com,利用規約に同意する,4251505,渡辺 里佳,accept,共同利用者あり,1522439,渡辺 舞,,6階,S0
2026-04-05 17:01:20,yuta07@example.com,利用規約に同意する,1543007,鈴木 知実,denied,共同利用者なし (2階・3階のロッカーは使用できません),,,5階,,E1
2026-04-05 17:38:57,hiroshisaito@example.com,利用規約に同意する,2946254,斎藤 知実,accept,共同利用者あり,1527973,高橋 幹,,6階,E1
2026-04-05 18:00:50,hiroshigoto@example.org,利用規約に同意する,4324486,佐々木 直子,accept,共同利用者なし (2階・3階のロッカーは使用できません),,,4階,,S0
2026-04-05 18:41:20,naokitakahashi@example.net,利用規約に同意する,4188452,後藤 晃,accept,共同利用者なし (2階・3階のロッカーは使用できません),,,6階,,S0
2026-04-05 19:04:23,yosuke73@example.net,利用規約に同意する,8502665,鈴木 里佳,accept,共同利用者なし (2階・3階のロッカーは使用できません),,,5階,,S0
2026-04-05 19:16:16,bkobayashi@example.org,利用規約に同意する,1540970,吉田 直子,accept,共同利用者なし (2階・3階のロッカーは使用できません),,,6階,,S0
2026-04-05 19:40:10,kaori38@example.net,利用規約に同意する,8482149,佐藤 太一,accept,共同利用者なし (2階・3階のロッカーは使用できません),,,4階,,E3
2026-04-05 20:01:50,lkobayashi@example.net,利用規約に同意する,4159424,斎藤 裕樹,accept,共同利用者なし (2階・3階のロッカーは使用できません),,,6階,,S0
2026-04-05 20:18:02,fsato@example.com,利用規約に同意する,8260952,藤井 舞,accept,共同利用者なし (2階・3階のロッカーは使用できません),,,6階,,S0
2026-04-05 20:18:51,naoki96@example.org,利用規約に同意する,8257340,小林 直樹,accept,共同利用者なし (2階・3階のロッカーは使用できません),,,4階,,S0
2026-04-05 20:26:00,yutamurakami@example.com,利用規約に同意する,4389952,高橋 香織,accept,共同利用者なし (2階・3階のロッカーは使用できません),,,5階,,S0
2026-04-05 20:31:21,maedaakira@example.net,利用規約に同意する,8628183,後藤 加奈,accept,共同利用者なし (2階・3階のロッカーは使用できません),,,4階,,S0
2026-04-05 20:54:58,nmori@example.com,利用規約に同意する,8268494,藤原 直樹,accept,共同利用者あり,4209359,佐々木 涼平,,6階,E3
2026-04-05 21:38:01,yasuhiro01@example.net,利用規約に同意する,8242987,長谷川 学,accept,共同利用者なし (2階・3階のロッカーは使用できません),,,5階,,S0
2026-04-05 21:38:02,satoyoichi@example.com,利用規約に同意する,1502187,渡辺 太郎,accept,共同利用者あり,4549941,佐藤 加奈,,2階,S0
2026-04-05 21:40:04,rabe@example.com,利用規約に同意する,1570701,清水 充,accept,共同利用者あり,8534688,佐藤 零,,6階,S0
2026-04-05 21:51:15,kana49@example.org,利用規約に同意する,1558529,吉田 洋介,accept,共同利用者なし (2階・3階のロッカーは使用できません),,,6階,,S0
2026-04-05 22:02:49,hideki59@example.net,利用規約に同意する,8582938,藤原 拓真,accept,共同利用者なし (2階・3階のロッカーは使用できません),,,6階,,S0
2026-04-05 22:08:58,nmori@example.com,利用規約に同意する,8268494,藤原 直樹,accept,共同利用者あり,4209359,佐々木 涼平,,5階,E3
2026-04-05 22:34:52,shohei23@example.com,利用規約に同意する,4360012,鈴木 修平,accept,共同利用者あり,1533681,橋本 康弘,,4階,S0
2026-04-05 22:41:00,kyamada@example.org,利用規約に同意する,1542917,木村 涼平,accept,共同利用者あり,8680440,伊藤 加奈,,4階,S0
2026-04-05 23:09:57,asuzuki@example.net,利用規約に同意する,8225144,山本 浩,denied,共同利用者あり,1548738,渡辺 亮介,,6階,E1
2026-04-05 23:15:13,watanaberika@example.com,利用規約に同意する,4372340,山本 あすか,accept,共同利用者なし (2階・3階のロッカーは使用できません),,,4階,,S0
2026-04-05 23:39:54,sikeda@example.net,利用規約に同意する,1504763,岡田 美加子,accept,共同利用者なし (2階・3階のロッカーは使用できません),,,5階,,S0
2026-04-05 23:48:23,yumiko17@example.org,利用規約に同意する,4739110,池田 洋介,accept,共同利用者あり,1536569,佐藤 明美,,5階,E1
2026-04-05 23:49:55,kyosukemori@example.org,利用規約に同意する,8371364,岡本 智也,accept,共同利用者なし (2階・3階のロッカーは使用できません),,,5階,,S0
2026-04-05 23:54:20,naoki93@example.org,利用規約に同意する,1512415,山本 裕太,accept,共同利用者なし (2階・3階のロッカーは使用できません),,,6階,,S0
2026-04-05 23:56:25,kaori38@example.net,利用規約に同意する,8482149,佐藤 太一,accept,共同利用者あり,4161462,田中 香織,,2階,S0
2026-04-06 00:05:46,miturumatsumoto@example.org,利用規約に同意する,8401217,長谷川 真綾,accept,共同利用者あり,8682616,石井 明美,,5階,E3
2026-04-06 00:05:49,miurakumiko@example.org,利用規約に同意する,4381691,近藤 幹,accept,共同利用者なし (2階・3階のロッカーは使用できません),,,5階,,S0
2026-04-06 00:16:59,kaoritakahashi@example.com,利用規約に同意する,1526680,佐藤 七夏,accept,共同利用者なし (2階・3階のロッカーは使用できません),,,6階,,E3
2026-04-06 00:40:17,gotokumiko@example.net,利用規約に同意する,8454496,坂本 和也,accept,共同利用者なし (2階・3階のロッカーは使用できません),,,4階,,S0
2026-04-06 00:51:23,naoto61@example.net,利用規約に同意する,4677832,阿部 明美,accept,共同利用者あり,8280623,田中 花子,,2階,E3
2026-04-06 00:57:27,itoyuta@example.net,利用規約に同意する,4564032,山口 裕樹,accept,共同利用者あり,8454592,岡本 香織,,2階,S0
2026-04-06 01:17:54,asuka00@example.net,利用規約に同意する,4134663,山本 治,accept,共同利用者なし (2階・3階のロッカーは使用できません),,,6階,,S0
2026-04-06 01:48:05,amatsumoto@example.org,利用規約に同意する,4525203,田中 香織,accept,共同利用者あり,4233119,坂本 涼平,,2階,S0
2026-04-06 01:53:06,ghashimoto@example.com,利用規約に同意する,4351505,山田 直子,accept,共同利用者なし (2階・3階のロッカーは使用できません),,,5階,,S0
2026-04-06 02:00:12,fnishimura@example.com,利用規約に同意する,1544077,田中 七夏,accept,共同利用者あり,1575225,山本 千代,,4階,S0
2026-04-06 02:03:26,nsaito@example.org,利用規約に同意する,4670373,吉田 淳,accept,共同利用者なし (2階・3階のロッカーは使用できません),,,4階,,S0
2026-04-06 02:12:49,ryoheisaito@example.net,利用規約に同意する,4323627,福田 さゆり,accept,共同利用者なし (2階・3階のロッカーは使用できません),,,6階,,S0
2026-04-06 02:14:23,naoto61@example.net,利用規約に同意する,4677832,阿部 明美,accept,共同利用者あり,8280623,田中 花子,,3階,S0
2026-04-06 02:19:04,asukasuzuki@example.org,利用規約に同意する,2933801,田中 明美,accept,共同利用者あり,8346457,近藤 加奈,,4階,E1
2026-04-06 02:49:44,zsuzuki@example.org,利用規約に同意する,4526406,岡本 涼平,accept,共同利用者なし (2階・3階のロッカーは使用できません),,,6階,,S0
2026-04-06 03:29:09,mtanaka@example.org,利用規約に同意する,4403037,山田 直人,denied,共同利用者なし (2階・3階のロッカーは使用できません),,,4階,,E1
2026-04-06 03:41:44,suzukikenichi@example.org,利用規約に同意する,1589733,松本 陽子,accept,共同利用者なし (2階・3階のロッカーは使用できません),,,5階,,S0
2026-04-06 03:56:17,otamomoko@example.com,利用規約に同意する,1546913,井上 さゆり,accept,共同利用者なし (2階・3階のロッカーは使用できません),,,4階,,S0
2026-04-06 04:12:59,yoshidananami@example.org,利用規約に同意する,1557433,佐藤 和也,accept,共同利用者なし (2階・3階のロッカーは使用できません),,,4階,,S0
2026-04-06 05:34:35,hiroshi43@example.com,利用規約に同意する,4218465,太田 明美,accept,共同利用者なし (2階・3階のロッカーは使用できません),,,4階,,S0
2026-04-06 05:37:24,yoichi79@example.com,利用規約に同意する,2704852,鈴木 零,accept,共同利用者なし (2階・3階のロッカーは使用できません),,,6階,,E1
2026-04-06 06:33:36,akemi03@example.com,利用規約に同意する,1524530,渡辺 学,accept,共同利用者なし (2階・3階のロッカーは使用できません),,,4階,,S0
2026-04-06 06:36:40,chiyookada@example.net,利用規約に同意する,4507180,佐藤 くみ子,accept,共同利用者あり,4172970,佐々木 浩,,3階,E1
2026-04-06 06:40:53,takumakobayashi@example.org,利用規約に同意する,4472768,松田 あすか,accept,共同利用者なし (2階・3階のロッカーは使用できません),,,6階,,S0
2026-04-06 08:04:51,akemi19@example.org,利用規約に同意する,4366550,西村 桃子,accept,共同利用者なし (2階・3階のロッカーは使用できません),,,6階,,S0
2026-04-06 08:12:55,asuzuki@example.net,利用規約に同意する,8225144,山本 浩,accept,共同利用者なし (2階・3階のロッカーは使用できません),,,6階,,S0
2026-04-06 08:21:18,ftakahashi@example.org,利用規約に同意する,1554596,中村 加奈,accept,共同利用者なし (2階・3階のロッカーは使用できません),,,4階,,S0
2026-04-06 09:22:27,takahashiasuka@example.net,利用規約に同意する,1583050,松本 あすか,accept,共同利用者あり,4501792,佐藤 花子,,4階,S0
2026-04-06 09:27:20,shoheisato@example.net,利用規約に同意する,8551996,高橋 亮介,accept,共同利用者なし (2階・3階のロッカーは使用できません),,,4階,,S0
2026-04-06 10:28:50,ksato@example.net,利用規約に同意する,1539107,鈴木 千代,accept,共同利用者なし (2階・3階のロッカーは使用できません),,,6階,,S0
2026-04-06 10:32:42,naoki89@example.com,利用規約に同意する,4467300,遠藤 真綾,accept,共同利用者あり,4461112,中村 さゆり,,2階,S0
2026-04-06 10:40:06,ayamashita@example.org,利用規約に同意する,8289957,松田 学,accept,共同利用者なし (2階・3階のロッカーは使用できません),,,6階,,S0
2026-04-06 10:48:31,satochiyo@example.net,利用規約に同意する,8117601,山口 英樹,accept,共同利用者あり,1572534,中村 太郎,,4階,S0
2026-04-06 11:06:49,shota91@example.net,利用規約に同意する,4572420,石井 里佳,accept,共同利用者なし (2階・3階のロッカーは使用できません),,,5階,,S0
2026-04-06 11:30:13,jnakagawa@example.net,利用規約に同意する,4454524,村上 あすか,accept,共同利用者なし (2階・3階のロッカーは使用できません),,,5階,,S0
2026-04-06 11:42:36,ryohei67@example.com,利用規約に同意する,4310208,吉田 裕美子,accept,共同利用者なし (2階・3階のロッカーは使用できません),,,5階,,S0
2026-04-06 12:02:52,ymatsuda@example.net,利用規約に同意する,1574720,石井 直子,accept,共同利用者なし (2階・3階のロッカーは使用できません),,,5階,,E3
2026-04-06 12:25:13,hideki45@example.net,利用規約に同意する,1539021,佐藤 陽子,accept,共同利用者なし (2階・3階のロッカーは使用できません),,,4階,,S0
2026-04-06 12:29:11,yamaguchisatomi@example.net,利用規約に同意する,4507026,中島 晃,accept,共同利用者あり,1572135,石川 加奈,,6階,S0
2026-04-06 13:15:53,cnakajima@example.com,利用規約に同意する,8290471,前田 明美,accept,共同利用者なし (2階・3階のロッカーは使用できません),,,5階,,S0
2026-04-06 13:48:40,maikato@example.org,利用規約に同意する,1506590,阿部 明美,accept,共同利用者なし (2階・3階のロッカーは使用できません),,,4階,,S0
2026-04-06 14:48:58,ryosukeyamada@example.org,利用規約に同意する,4176380,坂本 稔,accept,共同利用者なし (2階・3階のロッカーは使用できません),,,6階,,S0
2026-04-06 14:57:29,jmori@example.org,利用規約に同意する,8436666,近藤 幹,accept,共同利用者なし (2階・3階のロッカーは使用できません),,,6階,,S0
2026-04-06 15:27:29,jmori@example.org,利用規約に同意する,8436666,近藤 幹,accept,共同利用者なし (2階・3階のロッカーは使用できません),,,2階,,E1
2026-04-06 15:37:19,tanakahiroshi@example.com,利用規約に同意する,1581439,松本 舞,accept,共同利用者あり,1532077,吉田 太郎,,5階,S0
2026-04-06 15:43:26,kazuyayamamoto@example.net,利用規約に同意する,1559692,山下 里佳,accept,共同利用者あり,8634522,吉田 裕美子,,5階,E1
2026-04-06 16:13:13,ogawataichi@example.com,利用規約に同意する,4312119,鈴木 美加子,accept,共同利用者あり,1542233,松本 幹,,3階,S0
2026-04-06 16:51:19,dtanaka@example.org,利用規約に同意する,1522772,佐藤 直樹,accept,共同利用者あり,1548738,渡辺 亮介,,6階,S0
2026-04-06 17:04:19,rika96@example.net,利用規約に同意する,1584092,高橋 結衣,accept,共同利用者なし (2階・3階のロッカーは使用できません),,,4階,,S0
2026-04-06 17:21:59,tanakamanabu@example.net,利用規約に同意する,8552055,青木 洋介,accept,共同利用者なし (2階・3階のロッカーは使用できません),,,4階,,S0
2026-04-06 17:32:11,satotakuma@example.net,利用規約に同意する,8682616,石井 明美,accept,共同利用者なし (2階・3階のロッカーは使用できません),,,6階,,S0
2026-04-06 17:55:00,manabutakahashi@example.com,利用規約に同意する,8192202,鈴木 七夏,denied,共同利用者あり,4490017,清水 充,,4階,E1
2026-04-06 18:07:15,hiroshi54@example.com,利用規約に同意する,8672845,佐藤 健一,accept,共同利用者あり,1580610,坂本 智也,,3階,S0
2026-04-06 19:06:11,yasuhiro76@example.net,利用規約に同意する,1580079,井上 英樹,accept,共同利用者なし (2階・3階のロッカーは使用できません),,,6階,,S0
2026-04-06 20:08:16,naoko47@example.net,利用規約に同意する,1589192,田中 篤司,accept,共同利用者なし (2階・3階のロッカーは使用できません),,,4階,,S0
2026-04-06 20:12:26,katoosamu@example.com,利用規約に同意する,1547537,近藤 零,accept,共同利用者なし (2階・3階のロッカーは使用できません),,,4階,,S0
2026-04-06 20:13:51,shotawatanabe@example.net,利用規約に同意する,1597113,田中 直子,accept,共同利用者なし (2階・3階のロッカーは使用できません),,,6階,,S0
2026-04-06 20:20:07,kanaabe@example.org,利用規約に同意する,1574798,小林 涼平,accept,共同利用者あり,1532411,佐藤 美加子,,2階,S0
2026-04-06 20:52:18,mikako39@example.org,利用規約に同意する,4623260,高橋 篤司,accept,共同利用者なし (2階・3階のロッカーは使用できません),,,6階,,S0
2026-04-06 21:22:22,shotamiura@example.net,利用規約に同意する,1537752,佐藤 拓真,accept,共同利用者あり,4319198,岡本 千代,,2階,S0
2026-04-06 21:38:47,kumikosuzuki@example.net,利用規約に同意する,8586499,木村 直子,accept,共同利用者なし (2階・3階のロッカーは使用できません),,,5階,,S0
2026-04-06 22:27:37,ginoue@example.net,利用規約に同意する,8380173,伊藤 桃子,accept,共同利用者なし (2階・3階のロッカーは使用できません),,,6階,,S0
2026-04-06 22:43:24,dhasegawa@example.org,利用規約に同意する,8106630,清水 浩,accept,共同利用者あり,4260249,後藤 修平,,6階,E3
2026-04-06 22:59:08,naotoikeda@example.com,利用規約に同意する,1557898,近藤 香織,accept,共同利用者なし (2階・3階のロッカーは使用できません),,,4階,,S0
2026-04-06 23:08:35,manabusuzuki@example.com,利用規約に同意する,4295942,中村 拓真,denied,共同利用者なし (2階・3階のロッカーは使用できません),,,4階,,E1
2026-04-07 00:11:06,rnakajima@example.org,利用規約に同意する,4340723,吉田 淳,accept,共同利用者あり,8189220,鈴木 修平,,4階,E3
2026-04-07 00:40:00,habe@example.org,利用規約に同意する,1553788,岡田 浩,denied,共同利用者あり,4559898,山本 花子,,6階,E1
2026-04-07 00:47:01,msaito@example.com,利用規約に同意する,8231584,高橋 陽子,accept,共同利用者なし (2階・3階のロッカーは使用できません),,,5階,,S0
2026-04-07 00:48:23,hanako85@example.org,利用規約に同意する,8341688,斎藤 零,accept,共同利用者なし (2階・3階のロッカーは使用できません),,,5階,,S0
2026-04-07 00:51:04,asuka01@example.net,利用規約に同意する,4207144,小林 治,accept,共同利用者なし (2階・3階のロッカーは使用できません),,,6階,,S0
2026-04-07 00:54:53,yuta48@example.org,利用規約に同意する,1559251,高橋 美加子,accept,共同利用者なし (2階・3階のロッカーは使用できません),,,6階,,S0
2026-04-07 01:01:13,satomaaya@example.net,利用規約に同意する,4457733,小川 康弘,accept,共同利用者あり,1549672,中村 晃,,6階,E3
2026-04-07 01:01:51,asuka35@example.net,利用規約に同意する,8178240,遠藤 陽一,accept,共同利用者なし (2階・3階のロッカーは使用できません),,,6階,,S0
2026-04-07 01:27:29,endokenichi@example.com,利用規約に同意する,4412924,近藤 幹,accept,共同利用者あり,4193525,橋本 拓真,,5階,S0
2026-04-07 01:27:38,katotsubasa@example.org,利用規約に同意する,8586259,高橋 七夏,accept,共同利用者なし (2階・3階のロッカーは使用できません),,,4階,,S0
2026-04-07 01:52:26,miturusato@example.net,利用規約に同意する,8317486,山口 花子,accept,共同利用者あり,4502050,吉田 治,,2階,S0
2026-04-07 02:02:10,lnakagawa@example.org,利用規約に同意する,8460931,渡辺 太一,accept,共同利用者あり,4189167,中村 健一,,4階,E3
2026-04-07 02:41:19,kobayashikazuya@example.com,利用規約に同意する,8150134,伊藤 浩,accept,共同利用者なし (2階・3階のロッカーは使用できません),,,4階,,S0
2026-04-07 02:57:13,sfukuda@example.com,利用規約に同意する,1543456,小林 美加子,accept,共同利用者なし (2階・3階のロッカーは使用できません),,,4階,,S0
2026-04-07 03:14:50,yoshidamanabu@example.org,利用規約に同意する,4510308,鈴木 裕太,accept,共同利用者なし (2階・3階のロッカーは使用できません),,,4階,,S0
2026-04-07 03:45:06,kobayashiyoko@example.net,利用規約に同意する,4441207,渡辺 舞,accept,共同利用者なし (2階・3階のロッカーは使用できません),,,5階,,S0
2026-04-07 04:01:03,yamaguchimomoko@example.org,利用規約に同意する,8644245,森 聡太郎,accept,共同利用者なし (2階・3階のロッカーは使用できません),,,5階,,E3
2026-04-07 04:15:03,yamaguchimomoko@example.org,利用規約に同意する,8644245,森 聡太郎,accept,共同利用者なし (2階・3階のロッカーは使用できません),,,4階,,S0
2026-04-07 04:41:55,hanako67@example.com,利用規約に同意する,8260689,高橋 裕美子,accept,共同利用者なし (2階・3階のロッカーは使用できません),,,6階,,E3
2026-04-07 06:19:35,isaito@example.org,利用規約に同意する,1554053,森 亮介,accept,共同利用者なし (2階・3階のロッカーは使用できません),,,6階,,S0
2026-04-07 07:17:11,nsuzuki@example.org,利用規約に同意する,1511957,小林 真綾,accept,共同利用者なし (2階・3階のロッカーは使用できません),,,5階,,S0
2026-04-07 07:19:35,yui47@example.net,利用規約に同意する,4296045,山口 聡太郎,accept,共同利用者なし (2階・3階のロッカーは使用できません),,,5階,,S0
2026-04-07 07:27:55,fito@example.com,利用規約に同意する,1566543,林 太一,denied,共同利用者なし (2階・3階のロッカーは使用できません),,,4階,,E1
2026-04-07 07:41:50,takahashiyuki@example.net,利用規約に同意する,8120517,山田 裕美子,denied,共同利用者なし (2階・3階のロッカーは使用できません),,,5階,,E1
2026-04-07 08:01:33,momoko30@example.com,利用規約に同意する,8214538,佐藤 直子,accept,共同利用者あり,4147235,阿部 裕樹,,4階,S0
2026-04-07 08:07:20,qkato@example.net,利用規約に同意する,4359429,森 零,accept,共同利用者なし (2階・3階のロッカーは使用できません),,,5階,,S0
2026-04-07 08:15:12,kfujita@example.com,利用規約に同意する,1547329,中村 花子,accept,共同利用者あり,4612502,林 裕太,,4階,E3
2026-04-07 08:29:59,jun13@example.org,利用規約に同意する,4597290,村上 治,accept,共同利用者あり,1579310,鈴木 裕太,,3階,S0
2026-04-07 08:37:22,htakahashi@example.org,利用規約に同意する,8539535,高橋 舞,accept,共同利用者あり,1518344,阿部 京助,,3階,E3
2026-04-07 08:57:03,tarowatanabe@example.org,利用規約に同意する,8503534,三浦 康弘,accept,共同利用者なし (2階・3階のロッカーは使用できません),,,6階,,S0
2026-04-07 09:05:37,okamotoharuka@example.net,利用規約に同意する,1507019,長谷川 美加子,denied,共同利用者なし (2階・3階のロッカーは使用できません),,,4階,,E1
2026-04-07 09:24:44,naokimatsumoto@example.com,利用規約に同意する,8491146,鈴木 裕美子,accept,共同利用者あり,1532077,吉田 太郎,,2階,E3
2026-04-07 09:39:00,xshimizu@example.org,利用規約に同意する,4585323,山口 あすか,accept,共同利用者なし (2階・3階のロッカーは使用できません),,,5階,,S0
2026-04-07 09:41:36,kumiko45@example.com,利用規約に同意する,8458991,加藤 聡太郎,accept,共同利用者あり,8391988,佐々木 あすか,,6階,S0
2026-04-07 09:55:50,kaoritakahashi@example.com,利用規約に同意する,1526680,佐藤 七夏,accept,共同利用者あり,8305695,近藤 七夏,,4階,S0
2026-04-07 09:59:57,reiyamaguchi@example.org,利用規約に同意する,4148896,小林 知実,accept,共同利用者あり,1538654,伊藤 加奈,,4階,E3
2026-04-07 10:25:01,aokiyoko@example.net,利用規約に同意する,4588083,佐藤 直人,accept,共同利用者なし (2階・3階のロッカーは使用できません),,,4階,,S0
2026-04-07 10:36:26,naoto37@example.com,利用規約に同意する,4558446,高橋 舞,accept,共同利用者なし (2階・3階のロッカーは使用できません),,,4階,,S0
2026-04-07 11:27:31,watanabehanako@example.net,利用規約に同意する,8189220,鈴木 修平,accept,共同利用者なし (2階・3階のロッカーは使用できません),,,4階,,S0
2026-04-07 11:32:57,reiyamaguchi@example.org,利用規約に同意する,4148896,小林 知実,accept,共同利用者あり,1538654,伊藤 加奈,,4階,S0
2026-04-07 11:35:23,lnakagawa@example.org,利用規約に同意する,8460931,渡辺 太一,accept,共同利用者あり,1540539,山田 里佳,,3階,S0
2026-04-07 12:44:52,haruka58@example.com,利用規約に同意する,8676724,高橋 京助,accept,共同利用者なし (2階・3階のロッカーは使用できません),,,4階,,S0
2026-04-07 12:59:04,momoko19@example.org,利用規約に同意する,2429816,佐藤 陽一,accept,共同利用者なし (2階・3階のロッカーは使用できません),,,5階,,E1
2026-04-07 14:22:22,hanakosuzuki@example.com,利用規約に同意する,4561186,渡辺 七夏,accept,共同利用者なし (2階・3階のロッカーは使用できません),,,5階,,S0
2026-04-07 15:10:53,suzukiyosuke@example.org,利用規約に同意する,1599663,森 零,accept,共同利用者なし (2階・3階のロッカーは使用できません),,,4階,,S0
2026-04-07 15:29:52,akira99@example.org,利用規約に同意する,8383746,太田 加奈,accept,共同利用者なし (2階・3階のロッカーは使用できません),,,4階,,E3
2026-04-07 15:42:11,yoichi24@example.com,利用規約に同意する,1524586,佐々木 春香,denied,共同利用者あり,4114208,中島 涼平,,3階,E1
2026-04-07 15:53:13,ryosuke19@example.com,利用規約に同意する,8527884,松田 香織,denied,共同利用者なし (2階・3階のロッカーは使用できません),,,6階,,E1
2026-04-07 16:00:32,hanakohasegawa@example.com,利用規約に同意する,1543914,村上 くみ子,accept,共同利用者なし (2階・3階のロッカーは使用できません),,,6階,,S0
2026-04-07 16:18:17,taichitakahashi@example.net,利用規約に同意する,8517842,石川 拓真,accept,共同利用者なし (2階・3階のロッカーは使用できません),,,5階,,S0
2026-04-07 16:23:17,satojun@example.com,利用規約に同意する,4445706,山本 篤司,accept,共同利用者あり,8537345,佐藤 聡太郎,,4階,E3
2026-04-07 16:44:41,akemi17@example.net,利用規約に同意する,8173822,坂本 真綾,accept,共同利用者なし (2階・3階のロッカーは使用できません),,,6階,,S0
2026-04-07 16:57:52,akira99@example.org,利用規約に同意する,8383746,太田 加奈,accept,共同利用者なし (2階・3階のロッカーは使用できません),,,6階,,S0
2026-04-07 17:26:55,ashimizu@example.org,利用規約に同意する,8481351,伊藤 花子,accept,共同利用者あり,4211955,佐々木 あすか,,6階,S0
2026-04-07 17:34:58,tomoyasato@example.org,利用規約に同意する,8186765,松田 淳,accept,共同利用者なし (2階・3階のロッカーは使用できません),,,6階,,S0
2026-04-07 17:47:29,atsushiokada@example.com,利用規約に同意する,4504705,伊藤 香織,accept,共同利用者なし (2階・3階のロッカーは使用できません),,,5階,,S0
2026-04-07 17:51:31,yosuke24@example.org,利用規約に同意する,4497426,山口 さゆり,accept,共同利用者あり,1509835,高橋 太一,,2階,S0
2026-04-07 17:54:15,matsudasatomi@example.net,利用規約に同意する,1512026,佐々木 千代,accept,共同利用者あり,8621511,伊藤 明美,,2階,E1
2026-04-07 17:54:17,satojun@example.com,利用規約に同意する,4445706,山本 篤司,accept,共同利用者あり,8537345,佐藤 聡太郎,,6階,S0
2026-04-07 19:14:29,atsushiokada@example.com,利用規約に同意する,4504705,伊藤 香織,accept,共同利用者なし (2階・3階のロッカーは使用できません),,,2階,,E1
2026-04-07 19:28:14,naoko43@example.org,利用規約に同意する,4141704,阿部 陽子,accept,共同利用者なし (2階・3階のロッカーは使用できません),,,6階,,S0
2026-04-07 19:41:41,naoto62@example.com,利用規約に同意する,4684108,斎藤 亮介,accept,共同利用者なし (2階・3階のロッカーは使用できません),,,5階,,E3
2026-04-07 20:10:07,kimurasotaro@example.com,利用規約に同意する,1548589,田中 直子,accept,共同利用者あり,4684108,斎藤 亮介,,2階,S0
2026-04-07 20:18:09,minoru44@example.net,利用規約に同意する,8500074,渡辺 あすか,accept,共同利用者なし (2階・3階のロッカーは使用できません),,,5階,,S0
2026-04-07 20:23:55,hasegawachiyo@example.org,利用規約に同意する,4607100,長谷川 あすか,accept,共同利用者あり,3072102,三浦 学,,4階,E1
2026-04-07 20:29:20,chiyokondo@example.net,利用規約に同意する,4118595,池田 健一,accept,共同利用者なし (2階・3階のロッカーは使用できません),,,4階,,S0
2026-04-07 21:12:56,tomoya20@example.net,利用規約に同意する,4652727,斎藤 真綾,accept,共同利用者なし (2階・3階のロッカーは使用できません),,,5階,,S0
2026-04-07 21:17:08,ghashimoto@example.com,利用規約に同意する,1572733,斎藤 知実,accept,共同利用者なし (2階・3階のロッカーは使用できません),,,5階,,S0
2026-04-07 21:26:59,chiyookada@example.net,利用規約に同意する,4507180,佐藤 くみ子,accept,共同利用者なし (2階・3階のロッカーは使用できません),,,4階,,S0
2026-04-07 21:30:02,sotarosasaki@example.com,利用規約に同意する,1508992,山本 治,accept,共同利用者あり,1536129,岡田 治,,6階,S0
2026-04-07 21:39:52,ikedayosuke@example.com,利用規約に同意する,1552163,中村 智也,accept,共同利用者なし (2階・3階のロッカーは使用できません),,,4階,,S0
2026-04-07 22:03:43,ssato@example.net,利用規約に同意する,2313474,高橋 あすか,accept,共同利用者なし (2階・3階のロッカーは使用できません),,,5階,,E1
2026-04-07 22:10:05,xito@example.com,利用規約に同意する,1508609,斎藤 智也,accept,共同利用者なし (2階・3階のロッカーは使用できません),,,6階,,S0
2026-04-07 22:19:43,ssato@example.net,利用規約に同意する,2313474,高橋 あすか,accept,共同利用者なし (2階・3階のロッカーは使用できません),,,6階,,E1
2026-04-07 23:03:04,atsushi06@example.com,利用規約に同意する,1572465,木村 さゆり,accept,共同利用者なし (2階・3階のロッカーは使用できません),,,5階,,S0
2026-04-07 23:03:18,satomaaya@example.net,利用規約に同意する,4457733,小川 康弘,accept,共同利用者あり,4132591,鈴木 真綾,,6階,S0
2026-04-07 23:11:34,hanako67@example.com,利用規約に同意する,8260689,高橋 裕美子,accept,共同利用者なし (2階・3階のロッカーは使用できません),,,5階,,S0
2026-04-07 23:17:55,ymatsuda@example.net,利用規約に同意する,1574720,石井 直子,accept,共同利用者なし (2階・3階のロッカーは使用できません),,,6階,,S0
2026-04-07 23:35:19,tsubasatanaka@example.net,利用規約に同意する,4232325,山本 英樹,accept,共同利用者なし (2階・3階のロッカーは使用できません),,,5階,,S0
2026-04-07 23:45:34,yutayamazaki@example.org,利用規約に同意する,8428893,中島 直人,accept,共同利用者あり,8313624,吉田 裕太,,4階,E1
